https://open-data.bundesarchiv.de/apex-ead/DE-1958_BY_5.xml	DE-1958_BY_5.xml
https://open-data.bundesarchiv.de/apex-ead/DE-1958_BY_6.xml	DE-1958_BY_6.xml
https://open-data.bundesarchiv.de/apex-ead/DE-1958_BY_9.xml	DE-1958_BY_9.xml
https://open-data.bundesarchiv.de/apex-ead/DE-1958_DC_20.xml	DE-1958_DC_20.xml
https://open-data.bundesarchiv.de/apex-ead/DE-1958_DN_1.xml	DE-1958_DN_1.xml
https://open-data.bundesarchiv.de/apex-ead/DE-1958_DN_3.xml	DE-1958_DN_3.xml
https://open-data.bundesarchiv.de/apex-ead/DE-1958_DN_6.xml	DE-1958_DN_6.xml
https://open-data.bundesarchiv.de/apex-ead/DE-1958_DO_1.xml	DE-1958_DO_1.xml
https://open-data.bundesarchiv.de/apex-ead/DE-1958_DO_4.xml	DE-1958_DO_4.xml
https://open-data.bundesarchiv.de/apex-ead/DE-1958_DP_1.xml	DE-1958_DP_1.xml
https://open-data.bundesarchiv.de/apex-ead/DE-1958_DP_3.xml	DE-1958_DP_3.xml
https://open-data.bundesarchiv.de/apex-ead/DE-1958_DR_1.xml	DE-1958_DR_1.xml
https://open-data.bundesarchiv.de/apex-ead/DE-1958_DR_3.xml	DE-1958_DR_3.xml
https://open-data.bundesarchiv.de/apex-ead/DE-1958_DY_30.xml	DE-1958_DY_30.xml
https://open-data.bundesarchiv.de/apex-ead/DE-1958_DY_34.xml	DE-1958_DY_34.xml
https://open-data.bundesarchiv.de/apex-ead/DE-1958_DY_55.xml	DE-1958_DY_55.xml
https://open-data.bundesarchiv.de/apex-ead/DE-1958_DY_57.xml	DE-1958_DY_57.xml
https://open-data.bundesarchiv.de/apex-ead/DE-1958_NS_1.xml	DE-1958_NS_1.xml
https://open-data.bundesarchiv.de/apex-ead/DE-1958_NS_2.xml	DE-1958_NS_2.xml
https://open-data.bundesarchiv.de/apex-ead/DE-1958_NS_3.xml	DE-1958_NS_3.xml
https://open-data.bundesarchiv.de/apex-ead/DE-1958_NS_4-ANH.xml	DE-1958_NS_4-ANH.xml
https://open-data.bundesarchiv.de/apex-ead/DE-1958_NS_4-AU.xml	DE-1958_NS_4-AU.xml
https://open-data.bundesarchiv.de/apex-ead/DE-1958_NS_4-BU.xml	DE-1958_NS_4-BU.xml
https://open-data.bundesarchiv.de/apex-ead/DE-1958_NS_4-DA.xml	DE-1958_NS_4-DA.xml
https://open-data.bundesarchiv.de/apex-ead/DE-1958_NS_4-FL.xml	DE-1958_NS_4-FL.xml
https://open-data.bundesarchiv.de/apex-ead/DE-1958_NS_4-GR.xml	DE-1958_NS_4-GR.xml
https://open-data.bundesarchiv.de/apex-ead/DE-1958_NS_4-HE.xml	DE-1958_NS_4-HE.xml
https://open-data.bundesarchiv.de/apex-ead/DE-1958_NS_4-HI.xml	DE-1958_NS_4-HI.xml
https://open-data.bundesarchiv.de/apex-ead/DE-1958_NS_4-LI.xml	DE-1958_NS_4-LI.xml
https://open-data.bundesarchiv.de/apex-ead/DE-1958_NS_4-LU.xml	DE-1958_NS_4-LU.xml
https://open-data.bundesarchiv.de/apex-ead/DE-1958_NS_4-MA.xml	DE-1958_NS_4-MA.xml
https://open-data.bundesarchiv.de/apex-ead/DE-1958_NS_4-NA.xml	DE-1958_NS_4-NA.xml
https://open-data.bundesarchiv.de/apex-ead/DE-1958_NS_4-NE.xml	DE-1958_NS_4-NE.xml
https://open-data.bundesarchiv.de/apex-ead/DE-1958_NS_4-RA.xml	DE-1958_NS_4-RA.xml
https://open-data.bundesarchiv.de/apex-ead/DE-1958_NS_4-SA.xml	DE-1958_NS_4-SA.xml
https://open-data.bundesarchiv.de/apex-ead/DE-1958_NS_4-ST.xml	DE-1958_NS_4-ST.xml
https://open-data.bundesarchiv.de/apex-ead/DE-1958_NS_5-I.xml	DE-1958_NS_5-I.xml
https://open-data.bundesarchiv.de/apex-ead/DE-1958_NS_5-II.xml	DE-1958_NS_5-II.xml
https://open-data.bundesarchiv.de/apex-ead/DE-1958_NS_5-III.xml	DE-1958_NS_5-III.xml
https://open-data.bundesarchiv.de/apex-ead/DE-1958_NS_5-IV.xml	DE-1958_NS_5-IV.xml
https://open-data.bundesarchiv.de/apex-ead/DE-1958_NS_5-IV_PLAN.xml	DE-1958_NS_5-IV_PLAN.xml
https://open-data.bundesarchiv.de/apex-ead/DE-1958_NS_5-V.xml	DE-1958_NS_5-V.xml
https://open-data.bundesarchiv.de/apex-ead/DE-1958_NS_5-VI.xml	DE-1958_NS_5-VI.xml
https://open-data.bundesarchiv.de/apex-ead/DE-1958_NS_6.xml	DE-1958_NS_6.xml
https://open-data.bundesarchiv.de/apex-ead/DE-1958_NS_7.xml	DE-1958_NS_7.xml
https://open-data.bundesarchiv.de/apex-ead/DE-1958_NS_8.xml	DE-1958_NS_8.xml
https://open-data.bundesarchiv.de/apex-ead/DE-1958_NS_9.xml	DE-1958_NS_9.xml
https://open-data.bundesarchiv.de/apex-ead/DE-1958_NS_10.xml	DE-1958_NS_10.xml
https://open-data.bundesarchiv.de/apex-ead/DE-1958_NS_11.xml	DE-1958_NS_11.xml
https://open-data.bundesarchiv.de/apex-ead/DE-1958_NS_12.xml	DE-1958_NS_12.xml
https://open-data.bundesarchiv.de/apex-ead/DE-1958_NS_14.xml	DE-1958_NS_14.xml
https://open-data.bundesarchiv.de/apex-ead/DE-1958_NS_15.xml	DE-1958_NS_15.xml
https://open-data.bundesarchiv.de/apex-ead/DE-1958_NS_16.xml	DE-1958_NS_16.xml
https://open-data.bundesarchiv.de/apex-ead/DE-1958_NS_18.xml	DE-1958_NS_18.xml
https://open-data.bundesarchiv.de/apex-ead/DE-1958_NS_19.xml	DE-1958_NS_19.xml
https://open-data.bundesarchiv.de/apex-ead/DE-1958_NS_20.xml	DE-1958_NS_20.xml
https://open-data.bundesarchiv.de/apex-ead/DE-1958_NS_21.xml	DE-1958_NS_21.xml
https://open-data.bundesarchiv.de/apex-ead/DE-1958_NS_22.xml	DE-1958_NS_22.xml
https://open-data.bundesarchiv.de/apex-ead/DE-1958_NS_23-BILD.xml	DE-1958_NS_23-BILD.xml
https://open-data.bundesarchiv.de/apex-ead/DE-1958_NS_23.xml	DE-1958_NS_23.xml
https://open-data.bundesarchiv.de/apex-ead/DE-1958_NS_24.xml	DE-1958_NS_24.xml
https://open-data.bundesarchiv.de/apex-ead/DE-1958_NS_25.xml	DE-1958_NS_25.xml
https://open-data.bundesarchiv.de/apex-ead/DE-1958_NS_26.xml	DE-1958_NS_26.xml
https://open-data.bundesarchiv.de/apex-ead/DE-1958_NS_28.xml	DE-1958_NS_28.xml
https://open-data.bundesarchiv.de/apex-ead/DE-1958_NS_30.xml	DE-1958_NS_30.xml
https://open-data.bundesarchiv.de/apex-ead/DE-1958_NS_31.xml	DE-1958_NS_31.xml
https://open-data.bundesarchiv.de/apex-ead/DE-1958_NS_32-II.xml	DE-1958_NS_32-II.xml
https://open-data.bundesarchiv.de/apex-ead/DE-1958_NS_33.xml	DE-1958_NS_33.xml
https://open-data.bundesarchiv.de/apex-ead/DE-1958_NS_34.xml	DE-1958_NS_34.xml
https://open-data.bundesarchiv.de/apex-ead/DE-1958_NS_35.xml	DE-1958_NS_35.xml
https://open-data.bundesarchiv.de/apex-ead/DE-1958_NS_36.xml	DE-1958_NS_36.xml
https://open-data.bundesarchiv.de/apex-ead/DE-1958_NS_37.xml	DE-1958_NS_37.xml
https://open-data.bundesarchiv.de/apex-ead/DE-1958_NS_38-BILD.xml	DE-1958_NS_38-BILD.xml
https://open-data.bundesarchiv.de/apex-ead/DE-1958_NS_38.xml	DE-1958_NS_38.xml
https://open-data.bundesarchiv.de/apex-ead/DE-1958_NS_39.xml	DE-1958_NS_39.xml
https://open-data.bundesarchiv.de/apex-ead/DE-1958_NS_40.xml	DE-1958_NS_40.xml
https://open-data.bundesarchiv.de/apex-ead/DE-1958_NS_41.xml	DE-1958_NS_41.xml
https://open-data.bundesarchiv.de/apex-ead/DE-1958_NS_42.xml	DE-1958_NS_42.xml
https://open-data.bundesarchiv.de/apex-ead/DE-1958_NS_43.xml	DE-1958_NS_43.xml
https://open-data.bundesarchiv.de/apex-ead/DE-1958_NS_44.xml	DE-1958_NS_44.xml
https://open-data.bundesarchiv.de/apex-ead/DE-1958_NS_45.xml	DE-1958_NS_45.xml
https://open-data.bundesarchiv.de/apex-ead/DE-1958_NS_46.xml	DE-1958_NS_46.xml
https://open-data.bundesarchiv.de/apex-ead/DE-1958_NS_47.xml	DE-1958_NS_47.xml
https://open-data.bundesarchiv.de/apex-ead/DE-1958_NS_48.xml	DE-1958_NS_48.xml
https://open-data.bundesarchiv.de/apex-ead/DE-1958_NS_51.xml	DE-1958_NS_51.xml
https://open-data.bundesarchiv.de/apex-ead/DE-1958_NS_52.xml	DE-1958_NS_52.xml
https://open-data.bundesarchiv.de/apex-ead/DE-1958_NS_53.xml	DE-1958_NS_53.xml
https://open-data.bundesarchiv.de/apex-ead/DE-1958_NS_54.xml	DE-1958_NS_54.xml
https://open-data.bundesarchiv.de/apex-ead/DE-1958_NS_55.xml	DE-1958_NS_55.xml
https://open-data.bundesarchiv.de/apex-ead/DE-1958_NS_56.xml	DE-1958_NS_56.xml
https://open-data.bundesarchiv.de/apex-ead/DE-1958_NY_4132.xml	DE-1958_NY_4132.xml
https://open-data.bundesarchiv.de/apex-ead/DE-1958_NY_4193.xml	DE-1958_NY_4193.xml
https://open-data.bundesarchiv.de/apex-ead/DE-1958_NY_4202.xml	DE-1958_NY_4202.xml
https://open-data.bundesarchiv.de/apex-ead/DE-1958_NY_4217.xml	DE-1958_NY_4217.xml
https://open-data.bundesarchiv.de/apex-ead/DE-1958_NY_4238.xml	DE-1958_NY_4238.xml
https://open-data.bundesarchiv.de/apex-ead/DE-1958_NY_4259.xml	DE-1958_NY_4259.xml
https://open-data.bundesarchiv.de/apex-ead/DE-1958_NY_4304.xml	DE-1958_NY_4304.xml
https://open-data.bundesarchiv.de/apex-ead/DE-1958_NY_4500.xml	DE-1958_NY_4500.xml
https://open-data.bundesarchiv.de/apex-ead/DE-1958_NY_4552.xml	DE-1958_NY_4552.xml
https://open-data.bundesarchiv.de/apex-ead/DE-1958_NY_4609.xml	DE-1958_NY_4609.xml
https://open-data.bundesarchiv.de/apex-ead/DE-1958_N_2503.xml	DE-1958_N_2503.xml
https://open-data.bundesarchiv.de/apex-ead/DE-1958_RY_1.xml	DE-1958_RY_1.xml
https://open-data.bundesarchiv.de/apex-ead/DE-1958_RY_2.xml	DE-1958_RY_2.xml
https://open-data.bundesarchiv.de/apex-ead/DE-1958_RY_3.xml	DE-1958_RY_3.xml
https://open-data.bundesarchiv.de/apex-ead/DE-1958_RY_4.xml	DE-1958_RY_4.xml
https://open-data.bundesarchiv.de/apex-ead/DE-1958_RY_5.xml	DE-1958_RY_5.xml
https://open-data.bundesarchiv.de/apex-ead/DE-1958_RY_6.xml	DE-1958_RY_6.xml
https://open-data.bundesarchiv.de/apex-ead/DE-1958_RY_7.xml	DE-1958_RY_7.xml
https://open-data.bundesarchiv.de/apex-ead/DE-1958_RY_8.xml	DE-1958_RY_8.xml
https://open-data.bundesarchiv.de/apex-ead/DE-1958_RY_9.xml	DE-1958_RY_9.xml
https://open-data.bundesarchiv.de/apex-ead/DE-1958_RY_10.xml	DE-1958_RY_10.xml
https://open-data.bundesarchiv.de/apex-ead/DE-1958_RY_11.xml	DE-1958_RY_11.xml
https://open-data.bundesarchiv.de/apex-ead/DE-1958_RY_12.xml	DE-1958_RY_12.xml
https://open-data.bundesarchiv.de/apex-ead/DE-1958_RY_13.xml	DE-1958_RY_13.xml
https://open-data.bundesarchiv.de/apex-ead/DE-1958_RY_14.xml	DE-1958_RY_14.xml
https://open-data.bundesarchiv.de/apex-ead/DE-1958_RY_15.xml	DE-1958_RY_15.xml
https://open-data.bundesarchiv.de/apex-ead/DE-1958_RY_16.xml	DE-1958_RY_16.xml
https://open-data.bundesarchiv.de/apex-ead/DE-1958_RY_17.xml	DE-1958_RY_17.xml
https://open-data.bundesarchiv.de/apex-ead/DE-1958_RY_18.xml	DE-1958_RY_18.xml
https://open-data.bundesarchiv.de/apex-ead/DE-1958_RY_19.xml	DE-1958_RY_19.xml
https://open-data.bundesarchiv.de/apex-ead/DE-1958_RY_20.xml	DE-1958_RY_20.xml
https://open-data.bundesarchiv.de/apex-ead/DE-1958_RY_22.xml	DE-1958_RY_22.xml
https://open-data.bundesarchiv.de/apex-ead/DE-1958_RY_23.xml	DE-1958_RY_23.xml
https://open-data.bundesarchiv.de/apex-ead/DE-1958_RY_24.xml	DE-1958_RY_24.xml
https://open-data.bundesarchiv.de/apex-ead/DE-1958_RY_27.xml	DE-1958_RY_27.xml
https://open-data.bundesarchiv.de/apex-ead/DE-1958_RY_28.xml	DE-1958_RY_28.xml
https://open-data.bundesarchiv.de/apex-ead/DE-1958_RY_29.xml	DE-1958_RY_29.xml
https://open-data.bundesarchiv.de/apex-ead/DE-1958_RY_30.xml	DE-1958_RY_30.xml
https://open-data.bundesarchiv.de/apex-ead/DE-1958_RY_31.xml	DE-1958_RY_31.xml
https://open-data.bundesarchiv.de/apex-ead/DE-1958_RY_32.xml	DE-1958_RY_32.xml
https://open-data.bundesarchiv.de/apex-ead/DE-1958_RY_33.xml	DE-1958_RY_33.xml
https://open-data.bundesarchiv.de/apex-ead/DE-1958_RY_34.xml	DE-1958_RY_34.xml
https://open-data.bundesarchiv.de/apex-ead/DE-1958_RY_35.xml	DE-1958_RY_35.xml
https://open-data.bundesarchiv.de/apex-ead/DE-1958_RY_36.xml	DE-1958_RY_36.xml
https://open-data.bundesarchiv.de/apex-ead/DE-1958_RY_37.xml	DE-1958_RY_37.xml
https://open-data.bundesarchiv.de/apex-ead/DE-1958_RY_38.xml	DE-1958_RY_38.xml
https://open-data.bundesarchiv.de/apex-ead/DE-1958_RY_39.xml	DE-1958_RY_39.xml
https://open-data.bundesarchiv.de/apex-ead/DE-1958_RY_40.xml	DE-1958_RY_40.xml
https://open-data.bundesarchiv.de/apex-ead/DE-1958_RY_41.xml	DE-1958_RY_41.xml
https://open-data.bundesarchiv.de/apex-ead/DE-1958_RY_42.xml	DE-1958_RY_42.xml
https://open-data.bundesarchiv.de/apex-ead/DE-1958_RY_45.xml	DE-1958_RY_45.xml
https://open-data.bundesarchiv.de/apex-ead/DE-1958_RY_46.xml	DE-1958_RY_46.xml
https://open-data.bundesarchiv.de/apex-ead/DE-1958_RY_49.xml	DE-1958_RY_49.xml
https://open-data.bundesarchiv.de/apex-ead/DE-1958_RY_50.xml	DE-1958_RY_50.xml
https://open-data.bundesarchiv.de/apex-ead/DE-1958_RY_51.xml	DE-1958_RY_51.xml
https://open-data.bundesarchiv.de/apex-ead/DE-1958_RY_52.xml	DE-1958_RY_52.xml
https://open-data.bundesarchiv.de/apex-ead/DE-1958_RY_53.xml	DE-1958_RY_53.xml
https://open-data.bundesarchiv.de/apex-ead/DE-1958_RY_54.xml	DE-1958_RY_54.xml
https://open-data.bundesarchiv.de/apex-ead/DE-1958_RY_56.xml	DE-1958_RY_56.xml
https://open-data.bundesarchiv.de/apex-ead/DE-1958_RY_59.xml	DE-1958_RY_59.xml
https://open-data.bundesarchiv.de/apex-ead/DE-1958_RY_60.xml	DE-1958_RY_60.xml
https://open-data.bundesarchiv.de/apex-ead/DE-1958_RY_61.xml	DE-1958_RY_61.xml
https://open-data.bundesarchiv.de/apex-ead/DE-1958_RY_62.xml	DE-1958_RY_62.xml
https://open-data.bundesarchiv.de/apex-ead/DE-1958_R_1.xml	DE-1958_R_1.xml
https://open-data.bundesarchiv.de/apex-ead/DE-1958_R_2-ANH.xml	DE-1958_R_2-ANH.xml
https://open-data.bundesarchiv.de/apex-ead/DE-1958_R_2.xml	DE-1958_R_2.xml
https://open-data.bundesarchiv.de/apex-ead/DE-1958_R_3-ANH.xml	DE-1958_R_3-ANH.xml
https://open-data.bundesarchiv.de/apex-ead/DE-1958_R_3.xml	DE-1958_R_3.xml
https://open-data.bundesarchiv.de/apex-ead/DE-1958_R_5-ANH._I.xml	DE-1958_R_5-ANH._I.xml
https://open-data.bundesarchiv.de/apex-ead/DE-1958_R_5-ANH._II.xml	DE-1958_R_5-ANH._II.xml
https://open-data.bundesarchiv.de/apex-ead/DE-1958_R_5-ANH._II_KART.xml	DE-1958_R_5-ANH._II_KART.xml
https://open-data.bundesarchiv.de/apex-ead/DE-1958_R_5-ANH._I_KART.xml	DE-1958_R_5-ANH._I_KART.xml
https://open-data.bundesarchiv.de/apex-ead/DE-1958_R_5.xml	DE-1958_R_5.xml
https://open-data.bundesarchiv.de/apex-ead/DE-1958_R_6.xml	DE-1958_R_6.xml
https://open-data.bundesarchiv.de/apex-ead/DE-1958_R_8-I.xml	DE-1958_R_8-I.xml
https://open-data.bundesarchiv.de/apex-ead/DE-1958_R_8-II.xml	DE-1958_R_8-II.xml
https://open-data.bundesarchiv.de/apex-ead/DE-1958_R_8-III.xml	DE-1958_R_8-III.xml
https://open-data.bundesarchiv.de/apex-ead/DE-1958_R_8-IV.xml	DE-1958_R_8-IV.xml
https://open-data.bundesarchiv.de/apex-ead/DE-1958_R_8-IX.xml	DE-1958_R_8-IX.xml
https://open-data.bundesarchiv.de/apex-ead/DE-1958_R_8-V.xml	DE-1958_R_8-V.xml
https://open-data.bundesarchiv.de/apex-ead/DE-1958_R_8-VI.xml	DE-1958_R_8-VI.xml
https://open-data.bundesarchiv.de/apex-ead/DE-1958_R_8-VII.xml	DE-1958_R_8-VII.xml
https://open-data.bundesarchiv.de/apex-ead/DE-1958_R_8-VIII.xml	DE-1958_R_8-VIII.xml
https://open-data.bundesarchiv.de/apex-ead/DE-1958_R_8-X.xml	DE-1958_R_8-X.xml
https://open-data.bundesarchiv.de/apex-ead/DE-1958_R_8-XI.xml	DE-1958_R_8-XI.xml
https://open-data.bundesarchiv.de/apex-ead/DE-1958_R_8-XII.xml	DE-1958_R_8-XII.xml
https://open-data.bundesarchiv.de/apex-ead/DE-1958_R_8-XIII.xml	DE-1958_R_8-XIII.xml
https://open-data.bundesarchiv.de/apex-ead/DE-1958_R_8-XIV.xml	DE-1958_R_8-XIV.xml
https://open-data.bundesarchiv.de/apex-ead/DE-1958_R_8-XV.xml	DE-1958_R_8-XV.xml
https://open-data.bundesarchiv.de/apex-ead/DE-1958_R_8-XVI.xml	DE-1958_R_8-XVI.xml
https://open-data.bundesarchiv.de/apex-ead/DE-1958_R_9-I.xml	DE-1958_R_9-I.xml
https://open-data.bundesarchiv.de/apex-ead/DE-1958_R_9-IV.xml	DE-1958_R_9-IV.xml
https://open-data.bundesarchiv.de/apex-ead/DE-1958_R_9-V.xml	DE-1958_R_9-V.xml
https://open-data.bundesarchiv.de/apex-ead/DE-1958_R_9-VI.xml	DE-1958_R_9-VI.xml
https://open-data.bundesarchiv.de/apex-ead/DE-1958_R_9-VII.xml	DE-1958_R_9-VII.xml
https://open-data.bundesarchiv.de/apex-ead/DE-1958_R_9-VIII.xml	DE-1958_R_9-VIII.xml
https://open-data.bundesarchiv.de/apex-ead/DE-1958_R_9-X.xml	DE-1958_R_9-X.xml
https://open-data.bundesarchiv.de/apex-ead/DE-1958_R_9-XI.xml	DE-1958_R_9-XI.xml
https://open-data.bundesarchiv.de/apex-ead/DE-1958_R_9-XV.xml	DE-1958_R_9-XV.xml
https://open-data.bundesarchiv.de/apex-ead/DE-1958_R_9-XVI.xml	DE-1958_R_9-XVI.xml
https://open-data.bundesarchiv.de/apex-ead/DE-1958_R_9-XVII.xml	DE-1958_R_9-XVII.xml
https://open-data.bundesarchiv.de/apex-ead/DE-1958_R_9-XVIII.xml	DE-1958_R_9-XVIII.xml
https://open-data.bundesarchiv.de/apex-ead/DE-1958_R_10-I.xml	DE-1958_R_10-I.xml
https://open-data.bundesarchiv.de/apex-ead/DE-1958_R_10-II.xml	DE-1958_R_10-II.xml
https://open-data.bundesarchiv.de/apex-ead/DE-1958_R_10-III.xml	DE-1958_R_10-III.xml
https://open-data.bundesarchiv.de/apex-ead/DE-1958_R_10-IV.xml	DE-1958_R_10-IV.xml
https://open-data.bundesarchiv.de/apex-ead/DE-1958_R_10-IX.xml	DE-1958_R_10-IX.xml
https://open-data.bundesarchiv.de/apex-ead/DE-1958_R_10-V.xml	DE-1958_R_10-V.xml
https://open-data.bundesarchiv.de/apex-ead/DE-1958_R_10-VI.xml	DE-1958_R_10-VI.xml
https://open-data.bundesarchiv.de/apex-ead/DE-1958_R_10-VII.xml	DE-1958_R_10-VII.xml
https://open-data.bundesarchiv.de/apex-ead/DE-1958_R_10-VIII.xml	DE-1958_R_10-VIII.xml
https://open-data.bundesarchiv.de/apex-ead/DE-1958_R_10-X.xml	DE-1958_R_10-X.xml
https://open-data.bundesarchiv.de/apex-ead/DE-1958_R_10-XI.xml	DE-1958_R_10-XI.xml
https://open-data.bundesarchiv.de/apex-ead/DE-1958_R_10-XII.xml	DE-1958_R_10-XII.xml
https://open-data.bundesarchiv.de/apex-ead/DE-1958_R_10-XIII.xml	DE-1958_R_10-XIII.xml
https://open-data.bundesarchiv.de/apex-ead/DE-1958_R_10-XIV.xml	DE-1958_R_10-XIV.xml
https://open-data.bundesarchiv.de/apex-ead/DE-1958_R_10-XV.xml	DE-1958_R_10-XV.xml
https://open-data.bundesarchiv.de/apex-ead/DE-1958_R_11.xml	DE-1958_R_11.xml
https://open-data.bundesarchiv.de/apex-ead/DE-1958_R_12-I.xml	DE-1958_R_12-I.xml
https://open-data.bundesarchiv.de/apex-ead/DE-1958_R_12-II.xml	DE-1958_R_12-II.xml
https://open-data.bundesarchiv.de/apex-ead/DE-1958_R_12-III.xml	DE-1958_R_12-III.xml
https://open-data.bundesarchiv.de/apex-ead/DE-1958_R_12-IV.xml	DE-1958_R_12-IV.xml
https://open-data.bundesarchiv.de/apex-ead/DE-1958_R_13-I.xml	DE-1958_R_13-I.xml
https://open-data.bundesarchiv.de/apex-ead/DE-1958_R_13-II.xml	DE-1958_R_13-II.xml
https://open-data.bundesarchiv.de/apex-ead/DE-1958_R_13-III.xml	DE-1958_R_13-III.xml
https://open-data.bundesarchiv.de/apex-ead/DE-1958_R_13-IV.xml	DE-1958_R_13-IV.xml
https://open-data.bundesarchiv.de/apex-ead/DE-1958_R_13-IX.xml	DE-1958_R_13-IX.xml
https://open-data.bundesarchiv.de/apex-ead/DE-1958_R_13-V.xml	DE-1958_R_13-V.xml
https://open-data.bundesarchiv.de/apex-ead/DE-1958_R_13-VI.xml	DE-1958_R_13-VI.xml
https://open-data.bundesarchiv.de/apex-ead/DE-1958_R_13-VII.xml	DE-1958_R_13-VII.xml
https://open-data.bundesarchiv.de/apex-ead/DE-1958_R_13-VIII.xml	DE-1958_R_13-VIII.xml
https://open-data.bundesarchiv.de/apex-ead/DE-1958_R_13-X.xml	DE-1958_R_13-X.xml
https://open-data.bundesarchiv.de/apex-ead/DE-1958_R_13-XI.xml	DE-1958_R_13-XI.xml
https://open-data.bundesarchiv.de/apex-ead/DE-1958_R_13-XII.xml	DE-1958_R_13-XII.xml
https://open-data.bundesarchiv.de/apex-ead/DE-1958_R_13-XIII.xml	DE-1958_R_13-XIII.xml
https://open-data.bundesarchiv.de/apex-ead/DE-1958_R_13-XIV.xml	DE-1958_R_13-XIV.xml
https://open-data.bundesarchiv.de/apex-ead/DE-1958_R_13-XIX.xml	DE-1958_R_13-XIX.xml
https://open-data.bundesarchiv.de/apex-ead/DE-1958_R_13-XV.xml	DE-1958_R_13-XV.xml
https://open-data.bundesarchiv.de/apex-ead/DE-1958_R_13-XVI.xml	DE-1958_R_13-XVI.xml
https://open-data.bundesarchiv.de/apex-ead/DE-1958_R_13-XVII.xml	DE-1958_R_13-XVII.xml
https://open-data.bundesarchiv.de/apex-ead/DE-1958_R_13-XVIII.xml	DE-1958_R_13-XVIII.xml
https://open-data.bundesarchiv.de/apex-ead/DE-1958_R_13-XX.xml	DE-1958_R_13-XX.xml
https://open-data.bundesarchiv.de/apex-ead/DE-1958_R_13-XXI.xml	DE-1958_R_13-XXI.xml
https://open-data.bundesarchiv.de/apex-ead/DE-1958_R_13-XXII.xml	DE-1958_R_13-XXII.xml
https://open-data.bundesarchiv.de/apex-ead/DE-1958_R_13-XXIII.xml	DE-1958_R_13-XXIII.xml
https://open-data.bundesarchiv.de/apex-ead/DE-1958_R_13-XXIV.xml	DE-1958_R_13-XXIV.xml
https://open-data.bundesarchiv.de/apex-ead/DE-1958_R_13-XXIX.xml	DE-1958_R_13-XXIX.xml
https://open-data.bundesarchiv.de/apex-ead/DE-1958_R_13-XXV.xml	DE-1958_R_13-XXV.xml
https://open-data.bundesarchiv.de/apex-ead/DE-1958_R_13-XXVI.xml	DE-1958_R_13-XXVI.xml
https://open-data.bundesarchiv.de/apex-ead/DE-1958_R_13-XXVII.xml	DE-1958_R_13-XXVII.xml
https://open-data.bundesarchiv.de/apex-ead/DE-1958_R_13-XXVIII.xml	DE-1958_R_13-XXVIII.xml
https://open-data.bundesarchiv.de/apex-ead/DE-1958_R_13-XXX.xml	DE-1958_R_13-XXX.xml
https://open-data.bundesarchiv.de/apex-ead/DE-1958_R_13-XXXI.xml	DE-1958_R_13-XXXI.xml
https://open-data.bundesarchiv.de/apex-ead/DE-1958_R_13-XXXII.xml	DE-1958_R_13-XXXII.xml
https://open-data.bundesarchiv.de/apex-ead/DE-1958_R_13-XXXIII.xml	DE-1958_R_13-XXXIII.xml
https://open-data.bundesarchiv.de/apex-ead/DE-1958_R_13-XXXIV.xml	DE-1958_R_13-XXXIV.xml
https://open-data.bundesarchiv.de/apex-ead/DE-1958_R_15-I.xml	DE-1958_R_15-I.xml
https://open-data.bundesarchiv.de/apex-ead/DE-1958_R_15-II.xml	DE-1958_R_15-II.xml
https://open-data.bundesarchiv.de/apex-ead/DE-1958_R_15-III.xml	DE-1958_R_15-III.xml
https://open-data.bundesarchiv.de/apex-ead/DE-1958_R_15-IV.xml	DE-1958_R_15-IV.xml
https://open-data.bundesarchiv.de/apex-ead/DE-1958_R_15-V.xml	DE-1958_R_15-V.xml
https://open-data.bundesarchiv.de/apex-ead/DE-1958_R_15-VII.xml	DE-1958_R_15-VII.xml
https://open-data.bundesarchiv.de/apex-ead/DE-1958_R_16-ANH.xml	DE-1958_R_16-ANH.xml
https://open-data.bundesarchiv.de/apex-ead/DE-1958_R_16-I.xml	DE-1958_R_16-I.xml
https://open-data.bundesarchiv.de/apex-ead/DE-1958_R_16.xml	DE-1958_R_16.xml
https://open-data.bundesarchiv.de/apex-ead/DE-1958_R_17-I.xml	DE-1958_R_17-I.xml
https://open-data.bundesarchiv.de/apex-ead/DE-1958_R_17-II.xml	DE-1958_R_17-II.xml
https://open-data.bundesarchiv.de/apex-ead/DE-1958_R_17-III.xml	DE-1958_R_17-III.xml
https://open-data.bundesarchiv.de/apex-ead/DE-1958_R_17-IV.xml	DE-1958_R_17-IV.xml
https://open-data.bundesarchiv.de/apex-ead/DE-1958_R_17-IX.xml	DE-1958_R_17-IX.xml
https://open-data.bundesarchiv.de/apex-ead/DE-1958_R_17-V.xml	DE-1958_R_17-V.xml
https://open-data.bundesarchiv.de/apex-ead/DE-1958_R_17-VI.xml	DE-1958_R_17-VI.xml
https://open-data.bundesarchiv.de/apex-ead/DE-1958_R_17-VII.xml	DE-1958_R_17-VII.xml
https://open-data.bundesarchiv.de/apex-ead/DE-1958_R_17-VIII.xml	DE-1958_R_17-VIII.xml
https://open-data.bundesarchiv.de/apex-ead/DE-1958_R_19.xml	DE-1958_R_19.xml
https://open-data.bundesarchiv.de/apex-ead/DE-1958_R_20.xml	DE-1958_R_20.xml
https://open-data.bundesarchiv.de/apex-ead/DE-1958_R_26-I.xml	DE-1958_R_26-I.xml
https://open-data.bundesarchiv.de/apex-ead/DE-1958_R_26-II.xml	DE-1958_R_26-II.xml
https://open-data.bundesarchiv.de/apex-ead/DE-1958_R_26-III.xml	DE-1958_R_26-III.xml
https://open-data.bundesarchiv.de/apex-ead/DE-1958_R_26-II_ANH.xml	DE-1958_R_26-II_ANH.xml
https://open-data.bundesarchiv.de/apex-ead/DE-1958_R_26-IV.xml	DE-1958_R_26-IV.xml
https://open-data.bundesarchiv.de/apex-ead/DE-1958_R_26-VI.xml	DE-1958_R_26-VI.xml
https://open-data.bundesarchiv.de/apex-ead/DE-1958_R_26-VIII.xml	DE-1958_R_26-VIII.xml
https://open-data.bundesarchiv.de/apex-ead/DE-1958_R_27.xml	DE-1958_R_27.xml
https://open-data.bundesarchiv.de/apex-ead/DE-1958_R_29.xml	DE-1958_R_29.xml
https://open-data.bundesarchiv.de/apex-ead/DE-1958_R_30-ANH.xml	DE-1958_R_30-ANH.xml
https://open-data.bundesarchiv.de/apex-ead/DE-1958_R_30.xml	DE-1958_R_30.xml
https://open-data.bundesarchiv.de/apex-ead/DE-1958_R_31.xml	DE-1958_R_31.xml
https://open-data.bundesarchiv.de/apex-ead/DE-1958_R_32.xml	DE-1958_R_32.xml
https://open-data.bundesarchiv.de/apex-ead/DE-1958_R_33-I.xml	DE-1958_R_33-I.xml
https://open-data.bundesarchiv.de/apex-ead/DE-1958_R_33-II.xml	DE-1958_R_33-II.xml
https://open-data.bundesarchiv.de/apex-ead/DE-1958_R_33-I_ANH.xml	DE-1958_R_33-I_ANH.xml
https://open-data.bundesarchiv.de/apex-ead/DE-1958_R_34.xml	DE-1958_R_34.xml
https://open-data.bundesarchiv.de/apex-ead/DE-1958_R_36.xml	DE-1958_R_36.xml
https://open-data.bundesarchiv.de/apex-ead/DE-1958_R_37.xml	DE-1958_R_37.xml
https://open-data.bundesarchiv.de/apex-ead/DE-1958_R_40.xml	DE-1958_R_40.xml
https://open-data.bundesarchiv.de/apex-ead/DE-1958_R_42-I.xml	DE-1958_R_42-I.xml
https://open-data.bundesarchiv.de/apex-ead/DE-1958_R_42-II.xml	DE-1958_R_42-II.xml
https://open-data.bundesarchiv.de/apex-ead/DE-1958_R_42-III.xml	DE-1958_R_42-III.xml
https://open-data.bundesarchiv.de/apex-ead/DE-1958_R_43-I.xml	DE-1958_R_43-I.xml
https://open-data.bundesarchiv.de/apex-ead/DE-1958_R_43-II-PLAN.xml	DE-1958_R_43-II-PLAN.xml
https://open-data.bundesarchiv.de/apex-ead/DE-1958_R_43-II.xml	DE-1958_R_43-II.xml
https://open-data.bundesarchiv.de/apex-ead/DE-1958_R_43-I_BILD.xml	DE-1958_R_43-I_BILD.xml
https://open-data.bundesarchiv.de/apex-ead/DE-1958_R_43.xml	DE-1958_R_43.xml
https://open-data.bundesarchiv.de/apex-ead/DE-1958_R_45-I.xml	DE-1958_R_45-I.xml
https://open-data.bundesarchiv.de/apex-ead/DE-1958_R_45-II.xml	DE-1958_R_45-II.xml
https://open-data.bundesarchiv.de/apex-ead/DE-1958_R_45-III.xml	DE-1958_R_45-III.xml
https://open-data.bundesarchiv.de/apex-ead/DE-1958_R_46.xml	DE-1958_R_46.xml
https://open-data.bundesarchiv.de/apex-ead/DE-1958_R_49.xml	DE-1958_R_49.xml
https://open-data.bundesarchiv.de/apex-ead/DE-1958_R_50-I.xml	DE-1958_R_50-I.xml
https://open-data.bundesarchiv.de/apex-ead/DE-1958_R_50-II.xml	DE-1958_R_50-II.xml
https://open-data.bundesarchiv.de/apex-ead/DE-1958_R_51.xml	DE-1958_R_51.xml
https://open-data.bundesarchiv.de/apex-ead/DE-1958_R_52-I.xml	DE-1958_R_52-I.xml
https://open-data.bundesarchiv.de/apex-ead/DE-1958_R_52-II.xml	DE-1958_R_52-II.xml
https://open-data.bundesarchiv.de/apex-ead/DE-1958_R_52-III.xml	DE-1958_R_52-III.xml
https://open-data.bundesarchiv.de/apex-ead/DE-1958_R_52-IV.xml	DE-1958_R_52-IV.xml
https://open-data.bundesarchiv.de/apex-ead/DE-1958_R_52-IX.xml	DE-1958_R_52-IX.xml
https://open-data.bundesarchiv.de/apex-ead/DE-1958_R_52-V.xml	DE-1958_R_52-V.xml
https://open-data.bundesarchiv.de/apex-ead/DE-1958_R_52-VI.xml	DE-1958_R_52-VI.xml
https://open-data.bundesarchiv.de/apex-ead/DE-1958_R_52-VII.xml	DE-1958_R_52-VII.xml
https://open-data.bundesarchiv.de/apex-ead/DE-1958_R_52-VIII_F.xml	DE-1958_R_52-VIII_F.xml
https://open-data.bundesarchiv.de/apex-ead/DE-1958_R_52-XI.xml	DE-1958_R_52-XI.xml
https://open-data.bundesarchiv.de/apex-ead/DE-1958_R_52-X_F.xml	DE-1958_R_52-X_F.xml
https://open-data.bundesarchiv.de/apex-ead/DE-1958_R_53.xml	DE-1958_R_53.xml
https://open-data.bundesarchiv.de/apex-ead/DE-1958_R_55-KARTEI.xml	DE-1958_R_55-KARTEI.xml
https://open-data.bundesarchiv.de/apex-ead/DE-1958_R_55.xml	DE-1958_R_55.xml
https://open-data.bundesarchiv.de/apex-ead/DE-1958_R_56-I.xml	DE-1958_R_56-I.xml
https://open-data.bundesarchiv.de/apex-ead/DE-1958_R_56-II.xml	DE-1958_R_56-II.xml
https://open-data.bundesarchiv.de/apex-ead/DE-1958_R_56-III.xml	DE-1958_R_56-III.xml
https://open-data.bundesarchiv.de/apex-ead/DE-1958_R_56-IV.xml	DE-1958_R_56-IV.xml
https://open-data.bundesarchiv.de/apex-ead/DE-1958_R_56-V.xml	DE-1958_R_56-V.xml
https://open-data.bundesarchiv.de/apex-ead/DE-1958_R_56-VI.xml	DE-1958_R_56-VI.xml
https://open-data.bundesarchiv.de/apex-ead/DE-1958_R_56-VII.xml	DE-1958_R_56-VII.xml
https://open-data.bundesarchiv.de/apex-ead/DE-1958_R_57.xml	DE-1958_R_57.xml
https://open-data.bundesarchiv.de/apex-ead/DE-1958_R_58-BILD.xml	DE-1958_R_58-BILD.xml
https://open-data.bundesarchiv.de/apex-ead/DE-1958_R_58.xml	DE-1958_R_58.xml
https://open-data.bundesarchiv.de/apex-ead/DE-1958_R_59.xml	DE-1958_R_59.xml
https://open-data.bundesarchiv.de/apex-ead/DE-1958_R_61.xml	DE-1958_R_61.xml
https://open-data.bundesarchiv.de/apex-ead/DE-1958_R_62.xml	DE-1958_R_62.xml
https://open-data.bundesarchiv.de/apex-ead/DE-1958_R_63.xml	DE-1958_R_63.xml
https://open-data.bundesarchiv.de/apex-ead/DE-1958_R_64-I.xml	DE-1958_R_64-I.xml
https://open-data.bundesarchiv.de/apex-ead/DE-1958_R_64-III.xml	DE-1958_R_64-III.xml
https://open-data.bundesarchiv.de/apex-ead/DE-1958_R_64-IV.xml	DE-1958_R_64-IV.xml
https://open-data.bundesarchiv.de/apex-ead/DE-1958_R_66.xml	DE-1958_R_66.xml
https://open-data.bundesarchiv.de/apex-ead/DE-1958_R_67.xml	DE-1958_R_67.xml
https://open-data.bundesarchiv.de/apex-ead/DE-1958_R_68-I.xml	DE-1958_R_68-I.xml
https://open-data.bundesarchiv.de/apex-ead/DE-1958_R_68-II.xml	DE-1958_R_68-II.xml
https://open-data.bundesarchiv.de/apex-ead/DE-1958_R_68-III.xml	DE-1958_R_68-III.xml
https://open-data.bundesarchiv.de/apex-ead/DE-1958_R_68-IV.xml	DE-1958_R_68-IV.xml
https://open-data.bundesarchiv.de/apex-ead/DE-1958_R_69.xml	DE-1958_R_69.xml
https://open-data.bundesarchiv.de/apex-ead/DE-1958_R_70-B%C3%96HMEN_UND_M%C3%84HREN.xml	DE-1958_R_70-BOHMEN_UND_MAHREN.xml
https://open-data.bundesarchiv.de/apex-ead/DE-1958_R_70-BELGIEN.xml	DE-1958_R_70-BELGIEN.xml
https://open-data.bundesarchiv.de/apex-ead/DE-1958_R_70-D%C3%84NEMARK.xml	DE-1958_R_70-DANEMARK.xml
https://open-data.bundesarchiv.de/apex-ead/DE-1958_R_70-ELSASS.xml	DE-1958_R_70-ELSASS.xml
https://open-data.bundesarchiv.de/apex-ead/DE-1958_R_70-FRANKREICH.xml	DE-1958_R_70-FRANKREICH.xml
https://open-data.bundesarchiv.de/apex-ead/DE-1958_R_70-GRIECHENLAND.xml	DE-1958_R_70-GRIECHENLAND.xml
https://open-data.bundesarchiv.de/apex-ead/DE-1958_R_70-ITALIEN.xml	DE-1958_R_70-ITALIEN.xml
https://open-data.bundesarchiv.de/apex-ead/DE-1958_R_70-JUGOSLAWIEN.xml	DE-1958_R_70-JUGOSLAWIEN.xml
https://open-data.bundesarchiv.de/apex-ead/DE-1958_R_70-LOTHRINGEN.xml	DE-1958_R_70-LOTHRINGEN.xml
https://open-data.bundesarchiv.de/apex-ead/DE-1958_R_70-LUXEMBURG.xml	DE-1958_R_70-LUXEMBURG.xml
https://open-data.bundesarchiv.de/apex-ead/DE-1958_R_70-NIEDERLANDE.xml	DE-1958_R_70-NIEDERLANDE.xml
https://open-data.bundesarchiv.de/apex-ead/DE-1958_R_70-NORWEGEN.xml	DE-1958_R_70-NORWEGEN.xml
https://open-data.bundesarchiv.de/apex-ead/DE-1958_R_70-POLEN.xml	DE-1958_R_70-POLEN.xml
https://open-data.bundesarchiv.de/apex-ead/DE-1958_R_70-SLOWAKEI.xml	DE-1958_R_70-SLOWAKEI.xml
https://open-data.bundesarchiv.de/apex-ead/DE-1958_R_70-SOWJETUNION.xml	DE-1958_R_70-SOWJETUNION.xml
https://open-data.bundesarchiv.de/apex-ead/DE-1958_R_71.xml	DE-1958_R_71.xml
https://open-data.bundesarchiv.de/apex-ead/DE-1958_R_72.xml	DE-1958_R_72.xml
https://open-data.bundesarchiv.de/apex-ead/DE-1958_R_73.xml	DE-1958_R_73.xml
https://open-data.bundesarchiv.de/apex-ead/DE-1958_R_74.xml	DE-1958_R_74.xml
https://open-data.bundesarchiv.de/apex-ead/DE-1958_R_75.xml	DE-1958_R_75.xml
https://open-data.bundesarchiv.de/apex-ead/DE-1958_R_76-I.xml	DE-1958_R_76-I.xml
https://open-data.bundesarchiv.de/apex-ead/DE-1958_R_76-II.xml	DE-1958_R_76-II.xml
https://open-data.bundesarchiv.de/apex-ead/DE-1958_R_76-III.xml	DE-1958_R_76-III.xml
https://open-data.bundesarchiv.de/apex-ead/DE-1958_R_76-IV.xml	DE-1958_R_76-IV.xml
https://open-data.bundesarchiv.de/apex-ead/DE-1958_R_77.xml	DE-1958_R_77.xml
https://open-data.bundesarchiv.de/apex-ead/DE-1958_R_78.xml	DE-1958_R_78.xml
https://open-data.bundesarchiv.de/apex-ead/DE-1958_R_82.xml	DE-1958_R_82.xml
https://open-data.bundesarchiv.de/apex-ead/DE-1958_R_83-ADRIATISCHES_K%C3%9CSTENLAND.xml	DE-1958_R_83-ADRIATISCHES_KUSTENLAND.xml
https://open-data.bundesarchiv.de/apex-ead/DE-1958_R_83-ALPENVORLAND.xml	DE-1958_R_83-ALPENVORLAND.xml
https://open-data.bundesarchiv.de/apex-ead/DE-1958_R_83-D%C3%84NEMARK.xml	DE-1958_R_83-DANEMARK.xml
https://open-data.bundesarchiv.de/apex-ead/DE-1958_R_83-ELSASS.xml	DE-1958_R_83-ELSASS.xml
https://open-data.bundesarchiv.de/apex-ead/DE-1958_R_83-LOTHRINGEN.xml	DE-1958_R_83-LOTHRINGEN.xml
https://open-data.bundesarchiv.de/apex-ead/DE-1958_R_83-LUXEMBURG.xml	DE-1958_R_83-LUXEMBURG.xml
https://open-data.bundesarchiv.de/apex-ead/DE-1958_R_83-NIEDERLANDE.xml	DE-1958_R_83-NIEDERLANDE.xml
https://open-data.bundesarchiv.de/apex-ead/DE-1958_R_83-NORWEGEN.xml	DE-1958_R_83-NORWEGEN.xml
https://open-data.bundesarchiv.de/apex-ead/DE-1958_R_83-UNTERSTEIERMARK.xml	DE-1958_R_83-UNTERSTEIERMARK.xml
https://open-data.bundesarchiv.de/apex-ead/DE-1958_R_86.xml	DE-1958_R_86.xml
https://open-data.bundesarchiv.de/apex-ead/DE-1958_R_87.xml	DE-1958_R_87.xml
https://open-data.bundesarchiv.de/apex-ead/DE-1958_R_88-I.xml	DE-1958_R_88-I.xml
https://open-data.bundesarchiv.de/apex-ead/DE-1958_R_88-II.xml	DE-1958_R_88-II.xml
https://open-data.bundesarchiv.de/apex-ead/DE-1958_R_88-I_ANH.xml	DE-1958_R_88-I_ANH.xml
https://open-data.bundesarchiv.de/apex-ead/DE-1958_R_89-ANH.xml	DE-1958_R_89-ANH.xml
https://open-data.bundesarchiv.de/apex-ead/DE-1958_R_89.xml	DE-1958_R_89.xml
https://open-data.bundesarchiv.de/apex-ead/DE-1958_R_90.xml	DE-1958_R_90.xml
https://open-data.bundesarchiv.de/apex-ead/DE-1958_R_91.xml	DE-1958_R_91.xml
https://open-data.bundesarchiv.de/apex-ead/DE-1958_R_92-PA.xml	DE-1958_R_92-PA.xml
https://open-data.bundesarchiv.de/apex-ead/DE-1958_R_92.xml	DE-1958_R_92.xml
https://open-data.bundesarchiv.de/apex-ead/DE-1958_R_93.xml	DE-1958_R_93.xml
https://open-data.bundesarchiv.de/apex-ead/DE-1958_R_94.xml	DE-1958_R_94.xml
https://open-data.bundesarchiv.de/apex-ead/DE-1958_R_95.xml	DE-1958_R_95.xml
https://open-data.bundesarchiv.de/apex-ead/DE-1958_R_96-I.xml	DE-1958_R_96-I.xml
https://open-data.bundesarchiv.de/apex-ead/DE-1958_R_96-II.xml	DE-1958_R_96-II.xml
https://open-data.bundesarchiv.de/apex-ead/DE-1958_R_97-I.xml	DE-1958_R_97-I.xml
https://open-data.bundesarchiv.de/apex-ead/DE-1958_R_97-II.xml	DE-1958_R_97-II.xml
https://open-data.bundesarchiv.de/apex-ead/DE-1958_R_97-III.xml	DE-1958_R_97-III.xml
https://open-data.bundesarchiv.de/apex-ead/DE-1958_R_98-F.xml	DE-1958_R_98-F.xml
https://open-data.bundesarchiv.de/apex-ead/DE-1958_R_100.xml	DE-1958_R_100.xml
https://open-data.bundesarchiv.de/apex-ead/DE-1958_R_101.xml	DE-1958_R_101.xml
https://open-data.bundesarchiv.de/apex-ead/DE-1958_R_102.xml	DE-1958_R_102.xml
https://open-data.bundesarchiv.de/apex-ead/DE-1958_R_103.xml	DE-1958_R_103.xml
https://open-data.bundesarchiv.de/apex-ead/DE-1958_R_104-F.xml	DE-1958_R_104-F.xml
https://open-data.bundesarchiv.de/apex-ead/DE-1958_R_106.xml	DE-1958_R_106.xml
https://open-data.bundesarchiv.de/apex-ead/DE-1958_R_107.xml	DE-1958_R_107.xml
https://open-data.bundesarchiv.de/apex-ead/DE-1958_R_108.xml	DE-1958_R_108.xml
https://open-data.bundesarchiv.de/apex-ead/DE-1958_R_109-I.xml	DE-1958_R_109-I.xml
https://open-data.bundesarchiv.de/apex-ead/DE-1958_R_109-II.xml	DE-1958_R_109-II.xml
https://open-data.bundesarchiv.de/apex-ead/DE-1958_R_109-III.xml	DE-1958_R_109-III.xml
https://open-data.bundesarchiv.de/apex-ead/DE-1958_R_110-ANH.xml	DE-1958_R_110-ANH.xml
https://open-data.bundesarchiv.de/apex-ead/DE-1958_R_110.xml	DE-1958_R_110.xml
https://open-data.bundesarchiv.de/apex-ead/DE-1958_R_111.xml	DE-1958_R_111.xml
https://open-data.bundesarchiv.de/apex-ead/DE-1958_R_112.xml	DE-1958_R_112.xml
https://open-data.bundesarchiv.de/apex-ead/DE-1958_R_113.xml	DE-1958_R_113.xml
https://open-data.bundesarchiv.de/apex-ead/DE-1958_R_114.xml	DE-1958_R_114.xml
https://open-data.bundesarchiv.de/apex-ead/DE-1958_R_115.xml	DE-1958_R_115.xml
https://open-data.bundesarchiv.de/apex-ead/DE-1958_R_116.xml	DE-1958_R_116.xml
https://open-data.bundesarchiv.de/apex-ead/DE-1958_R_118.xml	DE-1958_R_118.xml
https://open-data.bundesarchiv.de/apex-ead/DE-1958_R_121.xml	DE-1958_R_121.xml
https://open-data.bundesarchiv.de/apex-ead/DE-1958_R_122.xml	DE-1958_R_122.xml
https://open-data.bundesarchiv.de/apex-ead/DE-1958_R_123.xml	DE-1958_R_123.xml
https://open-data.bundesarchiv.de/apex-ead/DE-1958_R_124.xml	DE-1958_R_124.xml
https://open-data.bundesarchiv.de/apex-ead/DE-1958_R_125.xml	DE-1958_R_125.xml
https://open-data.bundesarchiv.de/apex-ead/DE-1958_R_126.xml	DE-1958_R_126.xml
https://open-data.bundesarchiv.de/apex-ead/DE-1958_R_127.xml	DE-1958_R_127.xml
https://open-data.bundesarchiv.de/apex-ead/DE-1958_R_128.xml	DE-1958_R_128.xml
https://open-data.bundesarchiv.de/apex-ead/DE-1958_R_129.xml	DE-1958_R_129.xml
https://open-data.bundesarchiv.de/apex-ead/DE-1958_R_131.xml	DE-1958_R_131.xml
https://open-data.bundesarchiv.de/apex-ead/DE-1958_R_132.xml	DE-1958_R_132.xml
https://open-data.bundesarchiv.de/apex-ead/DE-1958_R_133.xml	DE-1958_R_133.xml
https://open-data.bundesarchiv.de/apex-ead/DE-1958_R_135.xml	DE-1958_R_135.xml
https://open-data.bundesarchiv.de/apex-ead/DE-1958_R_136.xml	DE-1958_R_136.xml
https://open-data.bundesarchiv.de/apex-ead/DE-1958_R_137-I.xml	DE-1958_R_137-I.xml
https://open-data.bundesarchiv.de/apex-ead/DE-1958_R_137-II.xml	DE-1958_R_137-II.xml
https://open-data.bundesarchiv.de/apex-ead/DE-1958_R_137-III.xml	DE-1958_R_137-III.xml
https://open-data.bundesarchiv.de/apex-ead/DE-1958_R_137-V.xml	DE-1958_R_137-V.xml
https://open-data.bundesarchiv.de/apex-ead/DE-1958_R_138-I.xml	DE-1958_R_138-I.xml
https://open-data.bundesarchiv.de/apex-ead/DE-1958_R_138-II.xml	DE-1958_R_138-II.xml
https://open-data.bundesarchiv.de/apex-ead/DE-1958_R_139-I.xml	DE-1958_R_139-I.xml
https://open-data.bundesarchiv.de/apex-ead/DE-1958_R_139-II.xml	DE-1958_R_139-II.xml
https://open-data.bundesarchiv.de/apex-ead/DE-1958_R_140.xml	DE-1958_R_140.xml
https://open-data.bundesarchiv.de/apex-ead/DE-1958_R_141.xml	DE-1958_R_141.xml
https://open-data.bundesarchiv.de/apex-ead/DE-1958_R_142.xml	DE-1958_R_142.xml
https://open-data.bundesarchiv.de/apex-ead/DE-1958_R_144.xml	DE-1958_R_144.xml
https://open-data.bundesarchiv.de/apex-ead/DE-1958_R_147.xml	DE-1958_R_147.xml
https://open-data.bundesarchiv.de/apex-ead/DE-1958_R_149.xml	DE-1958_R_149.xml
https://open-data.bundesarchiv.de/apex-ead/DE-1958_R_150.xml	DE-1958_R_150.xml
https://open-data.bundesarchiv.de/apex-ead/DE-1958_R_151.xml	DE-1958_R_151.xml
https://open-data.bundesarchiv.de/apex-ead/DE-1958_R_152.xml	DE-1958_R_152.xml
https://open-data.bundesarchiv.de/apex-ead/DE-1958_R_153.xml	DE-1958_R_153.xml
https://open-data.bundesarchiv.de/apex-ead/DE-1958_R_154.xml	DE-1958_R_154.xml
https://open-data.bundesarchiv.de/apex-ead/DE-1958_R_155.xml	DE-1958_R_155.xml
https://open-data.bundesarchiv.de/apex-ead/DE-1958_R_156.xml	DE-1958_R_156.xml
https://open-data.bundesarchiv.de/apex-ead/DE-1958_R_157-II.xml	DE-1958_R_157-II.xml
https://open-data.bundesarchiv.de/apex-ead/DE-1958_R_157-III_F.xml	DE-1958_R_157-III_F.xml
https://open-data.bundesarchiv.de/apex-ead/DE-1958_R_157-IV_F.xml	DE-1958_R_157-IV_F.xml
https://open-data.bundesarchiv.de/apex-ead/DE-1958_R_158.xml	DE-1958_R_158.xml
https://open-data.bundesarchiv.de/apex-ead/DE-1958_R_159.xml	DE-1958_R_159.xml
https://open-data.bundesarchiv.de/apex-ead/DE-1958_R_160.xml	DE-1958_R_160.xml
https://open-data.bundesarchiv.de/apex-ead/DE-1958_R_161.xml	DE-1958_R_161.xml
https://open-data.bundesarchiv.de/apex-ead/DE-1958_R_162.xml	DE-1958_R_162.xml
https://open-data.bundesarchiv.de/apex-ead/DE-1958_R_164.xml	DE-1958_R_164.xml
https://open-data.bundesarchiv.de/apex-ead/DE-1958_R_165.xml	DE-1958_R_165.xml
https://open-data.bundesarchiv.de/apex-ead/DE-1958_R_167-F.xml	DE-1958_R_167-F.xml
https://open-data.bundesarchiv.de/apex-ead/DE-1958_R_169.xml	DE-1958_R_169.xml
https://open-data.bundesarchiv.de/apex-ead/DE-1958_R_172.xml	DE-1958_R_172.xml
https://open-data.bundesarchiv.de/apex-ead/DE-1958_R_173.xml	DE-1958_R_173.xml
https://open-data.bundesarchiv.de/apex-ead/DE-1958_R_174-F.xml	DE-1958_R_174-F.xml
https://open-data.bundesarchiv.de/apex-ead/DE-1958_R_175-I.xml	DE-1958_R_175-I.xml
https://open-data.bundesarchiv.de/apex-ead/DE-1958_R_175-II.xml	DE-1958_R_175-II.xml
https://open-data.bundesarchiv.de/apex-ead/DE-1958_R_175-III.xml	DE-1958_R_175-III.xml
https://open-data.bundesarchiv.de/apex-ead/DE-1958_R_175-IV.xml	DE-1958_R_175-IV.xml
https://open-data.bundesarchiv.de/apex-ead/DE-1958_R_175-V.xml	DE-1958_R_175-V.xml
https://open-data.bundesarchiv.de/apex-ead/DE-1958_R_175-VI.xml	DE-1958_R_175-VI.xml
https://open-data.bundesarchiv.de/apex-ead/DE-1958_R_175-VII.xml	DE-1958_R_175-VII.xml
https://open-data.bundesarchiv.de/apex-ead/DE-1958_R_176.xml	DE-1958_R_176.xml
https://open-data.bundesarchiv.de/apex-ead/DE-1958_R_177.xml	DE-1958_R_177.xml
https://open-data.bundesarchiv.de/apex-ead/DE-1958_R_178.xml	DE-1958_R_178.xml
https://open-data.bundesarchiv.de/apex-ead/DE-1958_R_179.xml	DE-1958_R_179.xml
https://open-data.bundesarchiv.de/apex-ead/DE-1958_R_180.xml	DE-1958_R_180.xml
https://open-data.bundesarchiv.de/apex-ead/DE-1958_R_181.xml	DE-1958_R_181.xml
https://open-data.bundesarchiv.de/apex-ead/DE-1958_R_182.xml	DE-1958_R_182.xml
https://open-data.bundesarchiv.de/apex-ead/DE-1958_R_183.xml	DE-1958_R_183.xml
https://open-data.bundesarchiv.de/apex-ead/DE-1958_R_184.xml	DE-1958_R_184.xml
https://open-data.bundesarchiv.de/apex-ead/DE-1958_R_185.xml	DE-1958_R_185.xml
https://open-data.bundesarchiv.de/apex-ead/DE-1958_R_186.xml	DE-1958_R_186.xml
https://open-data.bundesarchiv.de/apex-ead/DE-1958_R_187.xml	DE-1958_R_187.xml
https://open-data.bundesarchiv.de/apex-ead/DE-1958_R_188-KARTEIEN.xml	DE-1958_R_188-KARTEIEN.xml
https://open-data.bundesarchiv.de/apex-ead/DE-1958_R_188.xml	DE-1958_R_188.xml
https://open-data.bundesarchiv.de/apex-ead/DE-1958_R_189.xml	DE-1958_R_189.xml
https://open-data.bundesarchiv.de/apex-ead/DE-1958_R_190.xml	DE-1958_R_190.xml
https://open-data.bundesarchiv.de/apex-ead/DE-1958_R_201.xml	DE-1958_R_201.xml
https://open-data.bundesarchiv.de/apex-ead/DE-1958_R_301.xml	DE-1958_R_301.xml
https://open-data.bundesarchiv.de/apex-ead/DE-1958_R_321.xml	DE-1958_R_321.xml
https://open-data.bundesarchiv.de/apex-ead/DE-1958_R_401.xml	DE-1958_R_401.xml
https://open-data.bundesarchiv.de/apex-ead/DE-1958_R_601.xml	DE-1958_R_601.xml
https://open-data.bundesarchiv.de/apex-ead/DE-1958_R_702.xml	DE-1958_R_702.xml
https://open-data.bundesarchiv.de/apex-ead/DE-1958_R_703.xml	DE-1958_R_703.xml
https://open-data.bundesarchiv.de/apex-ead/DE-1958_R_704.xml	DE-1958_R_704.xml
https://open-data.bundesarchiv.de/apex-ead/DE-1958_R_705.xml	DE-1958_R_705.xml
https://open-data.bundesarchiv.de/apex-ead/DE-1958_R_706.xml	DE-1958_R_706.xml
https://open-data.bundesarchiv.de/apex-ead/DE-1958_R_707.xml	DE-1958_R_707.xml
https://open-data.bundesarchiv.de/apex-ead/DE-1958_R_708.xml	DE-1958_R_708.xml
https://open-data.bundesarchiv.de/apex-ead/DE-1958_R_901.xml	DE-1958_R_901.xml
https://open-data.bundesarchiv.de/apex-ead/DE-1958_R_904.xml	DE-1958_R_904.xml
https://open-data.bundesarchiv.de/apex-ead/DE-1958_R_905.xml	DE-1958_R_905.xml
https://open-data.bundesarchiv.de/apex-ead/DE-1958_R_906.xml	DE-1958_R_906.xml
https://open-data.bundesarchiv.de/apex-ead/DE-1958_R_907.xml	DE-1958_R_907.xml
https://open-data.bundesarchiv.de/apex-ead/DE-1958_R_908.xml	DE-1958_R_908.xml
https://open-data.bundesarchiv.de/apex-ead/DE-1958_R_1001-BILD.xml	DE-1958_R_1001-BILD.xml
https://open-data.bundesarchiv.de/apex-ead/DE-1958_R_1001-KART.xml	DE-1958_R_1001-KART.xml
https://open-data.bundesarchiv.de/apex-ead/DE-1958_R_1001.xml	DE-1958_R_1001.xml
https://open-data.bundesarchiv.de/apex-ead/DE-1958_R_1002.xml	DE-1958_R_1002.xml
https://open-data.bundesarchiv.de/apex-ead/DE-1958_R_1003.xml	DE-1958_R_1003.xml
https://open-data.bundesarchiv.de/apex-ead/DE-1958_R_1004-F.xml	DE-1958_R_1004-F.xml
https://open-data.bundesarchiv.de/apex-ead/DE-1958_R_1102.xml	DE-1958_R_1102.xml
https://open-data.bundesarchiv.de/apex-ead/DE-1958_R_1401.xml	DE-1958_R_1401.xml
https://open-data.bundesarchiv.de/apex-ead/DE-1958_R_1501.xml	DE-1958_R_1501.xml
https://open-data.bundesarchiv.de/apex-ead/DE-1958_R_1502.xml	DE-1958_R_1502.xml
https://open-data.bundesarchiv.de/apex-ead/DE-1958_R_1503.xml	DE-1958_R_1503.xml
https://open-data.bundesarchiv.de/apex-ead/DE-1958_R_1504.xml	DE-1958_R_1504.xml
https://open-data.bundesarchiv.de/apex-ead/DE-1958_R_1505.xml	DE-1958_R_1505.xml
https://open-data.bundesarchiv.de/apex-ead/DE-1958_R_1506.xml	DE-1958_R_1506.xml
https://open-data.bundesarchiv.de/apex-ead/DE-1958_R_1507.xml	DE-1958_R_1507.xml
https://open-data.bundesarchiv.de/apex-ead/DE-1958_R_1508.xml	DE-1958_R_1508.xml
https://open-data.bundesarchiv.de/apex-ead/DE-1958_R_1509.xml	DE-1958_R_1509.xml
https://open-data.bundesarchiv.de/apex-ead/DE-1958_R_1514.xml	DE-1958_R_1514.xml
https://open-data.bundesarchiv.de/apex-ead/DE-1958_R_1516.xml	DE-1958_R_1516.xml
https://open-data.bundesarchiv.de/apex-ead/DE-1958_R_1518.xml	DE-1958_R_1518.xml
https://open-data.bundesarchiv.de/apex-ead/DE-1958_R_1519.xml	DE-1958_R_1519.xml
https://open-data.bundesarchiv.de/apex-ead/DE-1958_R_1601.xml	DE-1958_R_1601.xml
https://open-data.bundesarchiv.de/apex-ead/DE-1958_R_1602.xml	DE-1958_R_1602.xml
https://open-data.bundesarchiv.de/apex-ead/DE-1958_R_1603.xml	DE-1958_R_1603.xml
https://open-data.bundesarchiv.de/apex-ead/DE-1958_R_1702.xml	DE-1958_R_1702.xml
https://open-data.bundesarchiv.de/apex-ead/DE-1958_R_2102.xml	DE-1958_R_2102.xml
https://open-data.bundesarchiv.de/apex-ead/DE-1958_R_2103.xml	DE-1958_R_2103.xml
https://open-data.bundesarchiv.de/apex-ead/DE-1958_R_2104.xml	DE-1958_R_2104.xml
https://open-data.bundesarchiv.de/apex-ead/DE-1958_R_2105.xml	DE-1958_R_2105.xml
https://open-data.bundesarchiv.de/apex-ead/DE-1958_R_2106.xml	DE-1958_R_2106.xml
https://open-data.bundesarchiv.de/apex-ead/DE-1958_R_2107-I.xml	DE-1958_R_2107-I.xml
https://open-data.bundesarchiv.de/apex-ead/DE-1958_R_2107.xml	DE-1958_R_2107.xml
https://open-data.bundesarchiv.de/apex-ead/DE-1958_R_2108.xml	DE-1958_R_2108.xml
https://open-data.bundesarchiv.de/apex-ead/DE-1958_R_2109.xml	DE-1958_R_2109.xml
https://open-data.bundesarchiv.de/apex-ead/DE-1958_R_2201.xml	DE-1958_R_2201.xml
https://open-data.bundesarchiv.de/apex-ead/DE-1958_R_2202.xml	DE-1958_R_2202.xml
https://open-data.bundesarchiv.de/apex-ead/DE-1958_R_2301.xml	DE-1958_R_2301.xml
https://open-data.bundesarchiv.de/apex-ead/DE-1958_R_2401.xml	DE-1958_R_2401.xml
https://open-data.bundesarchiv.de/apex-ead/DE-1958_R_2501.xml	DE-1958_R_2501.xml
https://open-data.bundesarchiv.de/apex-ead/DE-1958_R_3001-BILD.xml	DE-1958_R_3001-BILD.xml
https://open-data.bundesarchiv.de/apex-ead/DE-1958_R_3001.xml	DE-1958_R_3001.xml
https://open-data.bundesarchiv.de/apex-ead/DE-1958_R_3002.xml	DE-1958_R_3002.xml
https://open-data.bundesarchiv.de/apex-ead/DE-1958_R_3003-BILD.xml	DE-1958_R_3003-BILD.xml
https://open-data.bundesarchiv.de/apex-ead/DE-1958_R_3003.xml	DE-1958_R_3003.xml
https://open-data.bundesarchiv.de/apex-ead/DE-1958_R_3004.xml	DE-1958_R_3004.xml
https://open-data.bundesarchiv.de/apex-ead/DE-1958_R_3005.xml	DE-1958_R_3005.xml
https://open-data.bundesarchiv.de/apex-ead/DE-1958_R_3007.xml	DE-1958_R_3007.xml
https://open-data.bundesarchiv.de/apex-ead/DE-1958_R_3008.xml	DE-1958_R_3008.xml
https://open-data.bundesarchiv.de/apex-ead/DE-1958_R_3009.xml	DE-1958_R_3009.xml
https://open-data.bundesarchiv.de/apex-ead/DE-1958_R_3010.xml	DE-1958_R_3010.xml
https://open-data.bundesarchiv.de/apex-ead/DE-1958_R_3011.xml	DE-1958_R_3011.xml
https://open-data.bundesarchiv.de/apex-ead/DE-1958_R_3012.xml	DE-1958_R_3012.xml
https://open-data.bundesarchiv.de/apex-ead/DE-1958_R_3015.xml	DE-1958_R_3015.xml
https://open-data.bundesarchiv.de/apex-ead/DE-1958_R_3016.xml	DE-1958_R_3016.xml
https://open-data.bundesarchiv.de/apex-ead/DE-1958_R_3017-BILD.xml	DE-1958_R_3017-BILD.xml
https://open-data.bundesarchiv.de/apex-ead/DE-1958_R_3017.xml	DE-1958_R_3017.xml
https://open-data.bundesarchiv.de/apex-ead/DE-1958_R_3018.xml	DE-1958_R_3018.xml
https://open-data.bundesarchiv.de/apex-ead/DE-1958_R_3101-ANH.xml	DE-1958_R_3101-ANH.xml
https://open-data.bundesarchiv.de/apex-ead/DE-1958_R_3101.xml	DE-1958_R_3101.xml
https://open-data.bundesarchiv.de/apex-ead/DE-1958_R_3102.xml	DE-1958_R_3102.xml
https://open-data.bundesarchiv.de/apex-ead/DE-1958_R_3103.xml	DE-1958_R_3103.xml
https://open-data.bundesarchiv.de/apex-ead/DE-1958_R_3105.xml	DE-1958_R_3105.xml
https://open-data.bundesarchiv.de/apex-ead/DE-1958_R_3106.xml	DE-1958_R_3106.xml
https://open-data.bundesarchiv.de/apex-ead/DE-1958_R_3108.xml	DE-1958_R_3108.xml
https://open-data.bundesarchiv.de/apex-ead/DE-1958_R_3110.xml	DE-1958_R_3110.xml
https://open-data.bundesarchiv.de/apex-ead/DE-1958_R_3111.xml	DE-1958_R_3111.xml
https://open-data.bundesarchiv.de/apex-ead/DE-1958_R_3112.xml	DE-1958_R_3112.xml
https://open-data.bundesarchiv.de/apex-ead/DE-1958_R_3116.xml	DE-1958_R_3116.xml
https://open-data.bundesarchiv.de/apex-ead/DE-1958_R_3118.xml	DE-1958_R_3118.xml
https://open-data.bundesarchiv.de/apex-ead/DE-1958_R_3119.xml	DE-1958_R_3119.xml
https://open-data.bundesarchiv.de/apex-ead/DE-1958_R_3201.xml	DE-1958_R_3201.xml
https://open-data.bundesarchiv.de/apex-ead/DE-1958_R_3301.xml	DE-1958_R_3301.xml
https://open-data.bundesarchiv.de/apex-ead/DE-1958_R_3406.xml	DE-1958_R_3406.xml
https://open-data.bundesarchiv.de/apex-ead/DE-1958_R_3407.xml	DE-1958_R_3407.xml
https://open-data.bundesarchiv.de/apex-ead/DE-1958_R_3601.xml	DE-1958_R_3601.xml
https://open-data.bundesarchiv.de/apex-ead/DE-1958_R_3602.xml	DE-1958_R_3602.xml
https://open-data.bundesarchiv.de/apex-ead/DE-1958_R_3607.xml	DE-1958_R_3607.xml
https://open-data.bundesarchiv.de/apex-ead/DE-1958_R_3608.xml	DE-1958_R_3608.xml
https://open-data.bundesarchiv.de/apex-ead/DE-1958_R_3701.xml	DE-1958_R_3701.xml
https://open-data.bundesarchiv.de/apex-ead/DE-1958_R_3702.xml	DE-1958_R_3702.xml
https://open-data.bundesarchiv.de/apex-ead/DE-1958_R_3901.xml	DE-1958_R_3901.xml
https://open-data.bundesarchiv.de/apex-ead/DE-1958_R_3902.xml	DE-1958_R_3902.xml
https://open-data.bundesarchiv.de/apex-ead/DE-1958_R_3903.xml	DE-1958_R_3903.xml
https://open-data.bundesarchiv.de/apex-ead/DE-1958_R_3904.xml	DE-1958_R_3904.xml
https://open-data.bundesarchiv.de/apex-ead/DE-1958_R_3905.xml	DE-1958_R_3905.xml
https://open-data.bundesarchiv.de/apex-ead/DE-1958_R_4002-PLAN.xml	DE-1958_R_4002-PLAN.xml
https://open-data.bundesarchiv.de/apex-ead/DE-1958_R_4002.xml	DE-1958_R_4002.xml
https://open-data.bundesarchiv.de/apex-ead/DE-1958_R_4101.xml	DE-1958_R_4101.xml
https://open-data.bundesarchiv.de/apex-ead/DE-1958_R_4201.xml	DE-1958_R_4201.xml
https://open-data.bundesarchiv.de/apex-ead/DE-1958_R_4202.xml	DE-1958_R_4202.xml
https://open-data.bundesarchiv.de/apex-ead/DE-1958_R_4302.xml	DE-1958_R_4302.xml
https://open-data.bundesarchiv.de/apex-ead/DE-1958_R_4303.xml	DE-1958_R_4303.xml
https://open-data.bundesarchiv.de/apex-ead/DE-1958_R_4304.xml	DE-1958_R_4304.xml
https://open-data.bundesarchiv.de/apex-ead/DE-1958_R_4305.xml	DE-1958_R_4305.xml
https://open-data.bundesarchiv.de/apex-ead/DE-1958_R_4306.xml	DE-1958_R_4306.xml
https://open-data.bundesarchiv.de/apex-ead/DE-1958_R_4307.xml	DE-1958_R_4307.xml
https://open-data.bundesarchiv.de/apex-ead/DE-1958_R_4308.xml	DE-1958_R_4308.xml
https://open-data.bundesarchiv.de/apex-ead/DE-1958_R_4309.xml	DE-1958_R_4309.xml
https://open-data.bundesarchiv.de/apex-ead/DE-1958_R_4310.xml	DE-1958_R_4310.xml
https://open-data.bundesarchiv.de/apex-ead/DE-1958_R_4311.xml	DE-1958_R_4311.xml
https://open-data.bundesarchiv.de/apex-ead/DE-1958_R_4312.xml	DE-1958_R_4312.xml
https://open-data.bundesarchiv.de/apex-ead/DE-1958_R_4313.xml	DE-1958_R_4313.xml
https://open-data.bundesarchiv.de/apex-ead/DE-1958_R_4314.xml	DE-1958_R_4314.xml
https://open-data.bundesarchiv.de/apex-ead/DE-1958_R_4315.xml	DE-1958_R_4315.xml
https://open-data.bundesarchiv.de/apex-ead/DE-1958_R_4316.xml	DE-1958_R_4316.xml
https://open-data.bundesarchiv.de/apex-ead/DE-1958_R_4317.xml	DE-1958_R_4317.xml
https://open-data.bundesarchiv.de/apex-ead/DE-1958_R_4320.xml	DE-1958_R_4320.xml
https://open-data.bundesarchiv.de/apex-ead/DE-1958_R_4322.xml	DE-1958_R_4322.xml
https://open-data.bundesarchiv.de/apex-ead/DE-1958_R_4323.xml	DE-1958_R_4323.xml
https://open-data.bundesarchiv.de/apex-ead/DE-1958_R_4601-PLAN.xml	DE-1958_R_4601-PLAN.xml
https://open-data.bundesarchiv.de/apex-ead/DE-1958_R_4601.xml	DE-1958_R_4601.xml
https://open-data.bundesarchiv.de/apex-ead/DE-1958_R_4602-PLAN.xml	DE-1958_R_4602-PLAN.xml
https://open-data.bundesarchiv.de/apex-ead/DE-1958_R_4602.xml	DE-1958_R_4602.xml
https://open-data.bundesarchiv.de/apex-ead/DE-1958_R_4604-PLAN.xml	DE-1958_R_4604-PLAN.xml
https://open-data.bundesarchiv.de/apex-ead/DE-1958_R_4604.xml	DE-1958_R_4604.xml
https://open-data.bundesarchiv.de/apex-ead/DE-1958_R_4606.xml	DE-1958_R_4606.xml
https://open-data.bundesarchiv.de/apex-ead/DE-1958_R_4701.xml	DE-1958_R_4701.xml
https://open-data.bundesarchiv.de/apex-ead/DE-1958_R_4702.xml	DE-1958_R_4702.xml
https://open-data.bundesarchiv.de/apex-ead/DE-1958_R_4703.xml	DE-1958_R_4703.xml
https://open-data.bundesarchiv.de/apex-ead/DE-1958_R_4704.xml	DE-1958_R_4704.xml
https://open-data.bundesarchiv.de/apex-ead/DE-1958_R_4705.xml	DE-1958_R_4705.xml
https://open-data.bundesarchiv.de/apex-ead/DE-1958_R_4901.xml	DE-1958_R_4901.xml
https://open-data.bundesarchiv.de/apex-ead/DE-1958_R_4902.xml	DE-1958_R_4902.xml
https://open-data.bundesarchiv.de/apex-ead/DE-1958_R_5002.xml	DE-1958_R_5002.xml
https://open-data.bundesarchiv.de/apex-ead/DE-1958_R_5003.xml	DE-1958_R_5003.xml
https://open-data.bundesarchiv.de/apex-ead/DE-1958_R_5008.xml	DE-1958_R_5008.xml
https://open-data.bundesarchiv.de/apex-ead/DE-1958_R_5101.xml	DE-1958_R_5101.xml
https://open-data.bundesarchiv.de/apex-ead/DE-1958_R_5201.xml	DE-1958_R_5201.xml
https://open-data.bundesarchiv.de/apex-ead/DE-1958_R_8001.xml	DE-1958_R_8001.xml
https://open-data.bundesarchiv.de/apex-ead/DE-1958_R_8002.xml	DE-1958_R_8002.xml
https://open-data.bundesarchiv.de/apex-ead/DE-1958_R_8003.xml	DE-1958_R_8003.xml
https://open-data.bundesarchiv.de/apex-ead/DE-1958_R_8004.xml	DE-1958_R_8004.xml
https://open-data.bundesarchiv.de/apex-ead/DE-1958_R_8005.xml	DE-1958_R_8005.xml
https://open-data.bundesarchiv.de/apex-ead/DE-1958_R_8006.xml	DE-1958_R_8006.xml
https://open-data.bundesarchiv.de/apex-ead/DE-1958_R_8007.xml	DE-1958_R_8007.xml
https://open-data.bundesarchiv.de/apex-ead/DE-1958_R_8010.xml	DE-1958_R_8010.xml
https://open-data.bundesarchiv.de/apex-ead/DE-1958_R_8011.xml	DE-1958_R_8011.xml
https://open-data.bundesarchiv.de/apex-ead/DE-1958_R_8012.xml	DE-1958_R_8012.xml
https://open-data.bundesarchiv.de/apex-ead/DE-1958_R_8013.xml	DE-1958_R_8013.xml
https://open-data.bundesarchiv.de/apex-ead/DE-1958_R_8014.xml	DE-1958_R_8014.xml
https://open-data.bundesarchiv.de/apex-ead/DE-1958_R_8015.xml	DE-1958_R_8015.xml
https://open-data.bundesarchiv.de/apex-ead/DE-1958_R_8016.xml	DE-1958_R_8016.xml
https://open-data.bundesarchiv.de/apex-ead/DE-1958_R_8017.xml	DE-1958_R_8017.xml
https://open-data.bundesarchiv.de/apex-ead/DE-1958_R_8018.xml	DE-1958_R_8018.xml
https://open-data.bundesarchiv.de/apex-ead/DE-1958_R_8019.xml	DE-1958_R_8019.xml
https://open-data.bundesarchiv.de/apex-ead/DE-1958_R_8020.xml	DE-1958_R_8020.xml
https://open-data.bundesarchiv.de/apex-ead/DE-1958_R_8021.xml	DE-1958_R_8021.xml
https://open-data.bundesarchiv.de/apex-ead/DE-1958_R_8022.xml	DE-1958_R_8022.xml
https://open-data.bundesarchiv.de/apex-ead/DE-1958_R_8023.xml	DE-1958_R_8023.xml
https://open-data.bundesarchiv.de/apex-ead/DE-1958_R_8024.xml	DE-1958_R_8024.xml
https://open-data.bundesarchiv.de/apex-ead/DE-1958_R_8026.xml	DE-1958_R_8026.xml
https://open-data.bundesarchiv.de/apex-ead/DE-1958_R_8027.xml	DE-1958_R_8027.xml
https://open-data.bundesarchiv.de/apex-ead/DE-1958_R_8028.xml	DE-1958_R_8028.xml
https://open-data.bundesarchiv.de/apex-ead/DE-1958_R_8029.xml	DE-1958_R_8029.xml
https://open-data.bundesarchiv.de/apex-ead/DE-1958_R_8030.xml	DE-1958_R_8030.xml
https://open-data.bundesarchiv.de/apex-ead/DE-1958_R_8031.xml	DE-1958_R_8031.xml
https://open-data.bundesarchiv.de/apex-ead/DE-1958_R_8032.xml	DE-1958_R_8032.xml
https://open-data.bundesarchiv.de/apex-ead/DE-1958_R_8033.xml	DE-1958_R_8033.xml
https://open-data.bundesarchiv.de/apex-ead/DE-1958_R_8034-I.xml	DE-1958_R_8034-I.xml
https://open-data.bundesarchiv.de/apex-ead/DE-1958_R_8034-II.xml	DE-1958_R_8034-II.xml
https://open-data.bundesarchiv.de/apex-ead/DE-1958_R_8034-III.xml	DE-1958_R_8034-III.xml
https://open-data.bundesarchiv.de/apex-ead/DE-1958_R_8035.xml	DE-1958_R_8035.xml
https://open-data.bundesarchiv.de/apex-ead/DE-1958_R_8036.xml	DE-1958_R_8036.xml
https://open-data.bundesarchiv.de/apex-ead/DE-1958_R_8037.xml	DE-1958_R_8037.xml
https://open-data.bundesarchiv.de/apex-ead/DE-1958_R_8038.xml	DE-1958_R_8038.xml
https://open-data.bundesarchiv.de/apex-ead/DE-1958_R_8039.xml	DE-1958_R_8039.xml
https://open-data.bundesarchiv.de/apex-ead/DE-1958_R_8040.xml	DE-1958_R_8040.xml
https://open-data.bundesarchiv.de/apex-ead/DE-1958_R_8041.xml	DE-1958_R_8041.xml
https://open-data.bundesarchiv.de/apex-ead/DE-1958_R_8042.xml	DE-1958_R_8042.xml
https://open-data.bundesarchiv.de/apex-ead/DE-1958_R_8043.xml	DE-1958_R_8043.xml
https://open-data.bundesarchiv.de/apex-ead/DE-1958_R_8044.xml	DE-1958_R_8044.xml
https://open-data.bundesarchiv.de/apex-ead/DE-1958_R_8045.xml	DE-1958_R_8045.xml
https://open-data.bundesarchiv.de/apex-ead/DE-1958_R_8046.xml	DE-1958_R_8046.xml
https://open-data.bundesarchiv.de/apex-ead/DE-1958_R_8047.xml	DE-1958_R_8047.xml
https://open-data.bundesarchiv.de/apex-ead/DE-1958_R_8048.xml	DE-1958_R_8048.xml
https://open-data.bundesarchiv.de/apex-ead/DE-1958_R_8049.xml	DE-1958_R_8049.xml
https://open-data.bundesarchiv.de/apex-ead/DE-1958_R_8050.xml	DE-1958_R_8050.xml
https://open-data.bundesarchiv.de/apex-ead/DE-1958_R_8051.xml	DE-1958_R_8051.xml
https://open-data.bundesarchiv.de/apex-ead/DE-1958_R_8052.xml	DE-1958_R_8052.xml
https://open-data.bundesarchiv.de/apex-ead/DE-1958_R_8053.xml	DE-1958_R_8053.xml
https://open-data.bundesarchiv.de/apex-ead/DE-1958_R_8054.xml	DE-1958_R_8054.xml
https://open-data.bundesarchiv.de/apex-ead/DE-1958_R_8055.xml	DE-1958_R_8055.xml
https://open-data.bundesarchiv.de/apex-ead/DE-1958_R_8056.xml	DE-1958_R_8056.xml
https://open-data.bundesarchiv.de/apex-ead/DE-1958_R_8057.xml	DE-1958_R_8057.xml
https://open-data.bundesarchiv.de/apex-ead/DE-1958_R_8058.xml	DE-1958_R_8058.xml
https://open-data.bundesarchiv.de/apex-ead/DE-1958_R_8059.xml	DE-1958_R_8059.xml
https://open-data.bundesarchiv.de/apex-ead/DE-1958_R_8060.xml	DE-1958_R_8060.xml
https://open-data.bundesarchiv.de/apex-ead/DE-1958_R_8061.xml	DE-1958_R_8061.xml
https://open-data.bundesarchiv.de/apex-ead/DE-1958_R_8062.xml	DE-1958_R_8062.xml
https://open-data.bundesarchiv.de/apex-ead/DE-1958_R_8063.xml	DE-1958_R_8063.xml
https://open-data.bundesarchiv.de/apex-ead/DE-1958_R_8064.xml	DE-1958_R_8064.xml
https://open-data.bundesarchiv.de/apex-ead/DE-1958_R_8065.xml	DE-1958_R_8065.xml
https://open-data.bundesarchiv.de/apex-ead/DE-1958_R_8066.xml	DE-1958_R_8066.xml
https://open-data.bundesarchiv.de/apex-ead/DE-1958_R_8067.xml	DE-1958_R_8067.xml
https://open-data.bundesarchiv.de/apex-ead/DE-1958_R_8068.xml	DE-1958_R_8068.xml
https://open-data.bundesarchiv.de/apex-ead/DE-1958_R_8069.xml	DE-1958_R_8069.xml
https://open-data.bundesarchiv.de/apex-ead/DE-1958_R_8071.xml	DE-1958_R_8071.xml
https://open-data.bundesarchiv.de/apex-ead/DE-1958_R_8072.xml	DE-1958_R_8072.xml
https://open-data.bundesarchiv.de/apex-ead/DE-1958_R_8073.xml	DE-1958_R_8073.xml
https://open-data.bundesarchiv.de/apex-ead/DE-1958_R_8074.xml	DE-1958_R_8074.xml
https://open-data.bundesarchiv.de/apex-ead/DE-1958_R_8075.xml	DE-1958_R_8075.xml
https://open-data.bundesarchiv.de/apex-ead/DE-1958_R_8076.xml	DE-1958_R_8076.xml
https://open-data.bundesarchiv.de/apex-ead/DE-1958_R_8077.xml	DE-1958_R_8077.xml
https://open-data.bundesarchiv.de/apex-ead/DE-1958_R_8078.xml	DE-1958_R_8078.xml
https://open-data.bundesarchiv.de/apex-ead/DE-1958_R_8079.xml	DE-1958_R_8079.xml
https://open-data.bundesarchiv.de/apex-ead/DE-1958_R_8080.xml	DE-1958_R_8080.xml
https://open-data.bundesarchiv.de/apex-ead/DE-1958_R_8081.xml	DE-1958_R_8081.xml
https://open-data.bundesarchiv.de/apex-ead/DE-1958_R_8082.xml	DE-1958_R_8082.xml
https://open-data.bundesarchiv.de/apex-ead/DE-1958_R_8083.xml	DE-1958_R_8083.xml
https://open-data.bundesarchiv.de/apex-ead/DE-1958_R_8084.xml	DE-1958_R_8084.xml
https://open-data.bundesarchiv.de/apex-ead/DE-1958_R_8085.xml	DE-1958_R_8085.xml
https://open-data.bundesarchiv.de/apex-ead/DE-1958_R_8086.xml	DE-1958_R_8086.xml
https://open-data.bundesarchiv.de/apex-ead/DE-1958_R_8087.xml	DE-1958_R_8087.xml
https://open-data.bundesarchiv.de/apex-ead/DE-1958_R_8088.xml	DE-1958_R_8088.xml
https://open-data.bundesarchiv.de/apex-ead/DE-1958_R_8089.xml	DE-1958_R_8089.xml
https://open-data.bundesarchiv.de/apex-ead/DE-1958_R_8090.xml	DE-1958_R_8090.xml
https://open-data.bundesarchiv.de/apex-ead/DE-1958_R_8091.xml	DE-1958_R_8091.xml
https://open-data.bundesarchiv.de/apex-ead/DE-1958_R_8092.xml	DE-1958_R_8092.xml
https://open-data.bundesarchiv.de/apex-ead/DE-1958_R_8093.xml	DE-1958_R_8093.xml
https://open-data.bundesarchiv.de/apex-ead/DE-1958_R_8094.xml	DE-1958_R_8094.xml
https://open-data.bundesarchiv.de/apex-ead/DE-1958_R_8095.xml	DE-1958_R_8095.xml
https://open-data.bundesarchiv.de/apex-ead/DE-1958_R_8097.xml	DE-1958_R_8097.xml
https://open-data.bundesarchiv.de/apex-ead/DE-1958_R_8098.xml	DE-1958_R_8098.xml
https://open-data.bundesarchiv.de/apex-ead/DE-1958_R_8099.xml	DE-1958_R_8099.xml
https://open-data.bundesarchiv.de/apex-ead/DE-1958_R_8100.xml	DE-1958_R_8100.xml
https://open-data.bundesarchiv.de/apex-ead/DE-1958_R_8101.xml	DE-1958_R_8101.xml
https://open-data.bundesarchiv.de/apex-ead/DE-1958_R_8102.xml	DE-1958_R_8102.xml
https://open-data.bundesarchiv.de/apex-ead/DE-1958_R_8103.xml	DE-1958_R_8103.xml
https://open-data.bundesarchiv.de/apex-ead/DE-1958_R_8104.xml	DE-1958_R_8104.xml
https://open-data.bundesarchiv.de/apex-ead/DE-1958_R_8105.xml	DE-1958_R_8105.xml
https://open-data.bundesarchiv.de/apex-ead/DE-1958_R_8108.xml	DE-1958_R_8108.xml
https://open-data.bundesarchiv.de/apex-ead/DE-1958_R_8110.xml	DE-1958_R_8110.xml
https://open-data.bundesarchiv.de/apex-ead/DE-1958_R_8111.xml	DE-1958_R_8111.xml
https://open-data.bundesarchiv.de/apex-ead/DE-1958_R_8112.xml	DE-1958_R_8112.xml
https://open-data.bundesarchiv.de/apex-ead/DE-1958_R_8113.xml	DE-1958_R_8113.xml
https://open-data.bundesarchiv.de/apex-ead/DE-1958_R_8114.xml	DE-1958_R_8114.xml
https://open-data.bundesarchiv.de/apex-ead/DE-1958_R_8115-I.xml	DE-1958_R_8115-I.xml
https://open-data.bundesarchiv.de/apex-ead/DE-1958_R_8115-II.xml	DE-1958_R_8115-II.xml
https://open-data.bundesarchiv.de/apex-ead/DE-1958_R_8115.xml	DE-1958_R_8115.xml
https://open-data.bundesarchiv.de/apex-ead/DE-1958_R_8116.xml	DE-1958_R_8116.xml
https://open-data.bundesarchiv.de/apex-ead/DE-1958_R_8117.xml	DE-1958_R_8117.xml
https://open-data.bundesarchiv.de/apex-ead/DE-1958_R_8119-F.xml	DE-1958_R_8119-F.xml
https://open-data.bundesarchiv.de/apex-ead/DE-1958_R_8120.xml	DE-1958_R_8120.xml
https://open-data.bundesarchiv.de/apex-ead/DE-1958_R_8121.xml	DE-1958_R_8121.xml
https://open-data.bundesarchiv.de/apex-ead/DE-1958_R_8122.xml	DE-1958_R_8122.xml
https://open-data.bundesarchiv.de/apex-ead/DE-1958_R_8123.xml	DE-1958_R_8123.xml
https://open-data.bundesarchiv.de/apex-ead/DE-1958_R_8124.xml	DE-1958_R_8124.xml
https://open-data.bundesarchiv.de/apex-ead/DE-1958_R_8125.xml	DE-1958_R_8125.xml
https://open-data.bundesarchiv.de/apex-ead/DE-1958_R_8126.xml	DE-1958_R_8126.xml
https://open-data.bundesarchiv.de/apex-ead/DE-1958_R_8127.xml	DE-1958_R_8127.xml
https://open-data.bundesarchiv.de/apex-ead/DE-1958_R_8128.xml	DE-1958_R_8128.xml
https://open-data.bundesarchiv.de/apex-ead/DE-1958_R_8129.xml	DE-1958_R_8129.xml
https://open-data.bundesarchiv.de/apex-ead/DE-1958_R_8130.xml	DE-1958_R_8130.xml
https://open-data.bundesarchiv.de/apex-ead/DE-1958_R_8131.xml	DE-1958_R_8131.xml
https://open-data.bundesarchiv.de/apex-ead/DE-1958_R_8132.xml	DE-1958_R_8132.xml
https://open-data.bundesarchiv.de/apex-ead/DE-1958_R_8133.xml	DE-1958_R_8133.xml
https://open-data.bundesarchiv.de/apex-ead/DE-1958_R_8134.xml	DE-1958_R_8134.xml
https://open-data.bundesarchiv.de/apex-ead/DE-1958_R_8135.xml	DE-1958_R_8135.xml
https://open-data.bundesarchiv.de/apex-ead/DE-1958_R_8136.xml	DE-1958_R_8136.xml
https://open-data.bundesarchiv.de/apex-ead/DE-1958_R_8137.xml	DE-1958_R_8137.xml
https://open-data.bundesarchiv.de/apex-ead/DE-1958_R_8138.xml	DE-1958_R_8138.xml
https://open-data.bundesarchiv.de/apex-ead/DE-1958_R_8139.xml	DE-1958_R_8139.xml
https://open-data.bundesarchiv.de/apex-ead/DE-1958_R_8141.xml	DE-1958_R_8141.xml
https://open-data.bundesarchiv.de/apex-ead/DE-1958_R_8142.xml	DE-1958_R_8142.xml
https://open-data.bundesarchiv.de/apex-ead/DE-1958_R_8143.xml	DE-1958_R_8143.xml
https://open-data.bundesarchiv.de/apex-ead/DE-1958_R_8144.xml	DE-1958_R_8144.xml
https://open-data.bundesarchiv.de/apex-ead/DE-1958_R_8145.xml	DE-1958_R_8145.xml
https://open-data.bundesarchiv.de/apex-ead/DE-1958_R_8146.xml	DE-1958_R_8146.xml
https://open-data.bundesarchiv.de/apex-ead/DE-1958_R_8147.xml	DE-1958_R_8147.xml
https://open-data.bundesarchiv.de/apex-ead/DE-1958_R_8148.xml	DE-1958_R_8148.xml
https://open-data.bundesarchiv.de/apex-ead/DE-1958_R_8149.xml	DE-1958_R_8149.xml
https://open-data.bundesarchiv.de/apex-ead/DE-1958_R_8150.xml	DE-1958_R_8150.xml
https://open-data.bundesarchiv.de/apex-ead/DE-1958_R_8151.xml	DE-1958_R_8151.xml
https://open-data.bundesarchiv.de/apex-ead/DE-1958_R_8156.xml	DE-1958_R_8156.xml
https://open-data.bundesarchiv.de/apex-ead/DE-1958_R_8157.xml	DE-1958_R_8157.xml
https://open-data.bundesarchiv.de/apex-ead/DE-1958_R_8159.xml	DE-1958_R_8159.xml
https://open-data.bundesarchiv.de/apex-ead/DE-1958_R_8160.xml	DE-1958_R_8160.xml
https://open-data.bundesarchiv.de/apex-ead/DE-1958_R_8161.xml	DE-1958_R_8161.xml
https://open-data.bundesarchiv.de/apex-ead/DE-1958_R_8701.xml	DE-1958_R_8701.xml
https://open-data.bundesarchiv.de/apex-ead/DE-1958_R_8703.xml	DE-1958_R_8703.xml
https://open-data.bundesarchiv.de/apex-ead/DE-1958_R_8704.xml	DE-1958_R_8704.xml
https://open-data.bundesarchiv.de/apex-ead/DE-1958_R_8705.xml	DE-1958_R_8705.xml
https://open-data.bundesarchiv.de/apex-ead/DE-1958_R_8706.xml	DE-1958_R_8706.xml
https://open-data.bundesarchiv.de/apex-ead/DE-1958_R_8707.xml	DE-1958_R_8707.xml
https://open-data.bundesarchiv.de/apex-ead/DE-1958_R_8708.xml	DE-1958_R_8708.xml
https://open-data.bundesarchiv.de/apex-ead/DE-1958_R_8709.xml	DE-1958_R_8709.xml
https://open-data.bundesarchiv.de/apex-ead/DE-1958_R_8710.xml	DE-1958_R_8710.xml
https://open-data.bundesarchiv.de/apex-ead/DE-1958_R_8711.xml	DE-1958_R_8711.xml
https://open-data.bundesarchiv.de/apex-ead/DE-1958_R_8712.xml	DE-1958_R_8712.xml
https://open-data.bundesarchiv.de/apex-ead/DE-1958_R_8713.xml	DE-1958_R_8713.xml
https://open-data.bundesarchiv.de/apex-ead/DE-1958_R_8714.xml	DE-1958_R_8714.xml
https://open-data.bundesarchiv.de/apex-ead/DE-1958_R_8715.xml	DE-1958_R_8715.xml
https://open-data.bundesarchiv.de/apex-ead/DE-1958_R_8716.xml	DE-1958_R_8716.xml
https://open-data.bundesarchiv.de/apex-ead/DE-1958_R_8717.xml	DE-1958_R_8717.xml
https://open-data.bundesarchiv.de/apex-ead/DE-1958_R_8718.xml	DE-1958_R_8718.xml
https://open-data.bundesarchiv.de/apex-ead/DE-1958_R_8719.xml	DE-1958_R_8719.xml
https://open-data.bundesarchiv.de/apex-ead/DE-1958_R_8720.xml	DE-1958_R_8720.xml
https://open-data.bundesarchiv.de/apex-ead/DE-1958_R_8721.xml	DE-1958_R_8721.xml
https://open-data.bundesarchiv.de/apex-ead/DE-1958_R_8722.xml	DE-1958_R_8722.xml
https://open-data.bundesarchiv.de/apex-ead/DE-1958_R_8723.xml	DE-1958_R_8723.xml
https://open-data.bundesarchiv.de/apex-ead/DE-1958_R_8724.xml	DE-1958_R_8724.xml
https://open-data.bundesarchiv.de/apex-ead/DE-1958_R_8725.xml	DE-1958_R_8725.xml
https://open-data.bundesarchiv.de/apex-ead/DE-1958_R_8726.xml	DE-1958_R_8726.xml
https://open-data.bundesarchiv.de/apex-ead/DE-1958_R_8727.xml	DE-1958_R_8727.xml
https://open-data.bundesarchiv.de/apex-ead/DE-1958_R_8728.xml	DE-1958_R_8728.xml
https://open-data.bundesarchiv.de/apex-ead/DE-1958_R_8729.xml	DE-1958_R_8729.xml
https://open-data.bundesarchiv.de/apex-ead/DE-1958_R_8730.xml	DE-1958_R_8730.xml
https://open-data.bundesarchiv.de/apex-ead/DE-1958_R_8731.xml	DE-1958_R_8731.xml
https://open-data.bundesarchiv.de/apex-ead/DE-1958_R_8732.xml	DE-1958_R_8732.xml
https://open-data.bundesarchiv.de/apex-ead/DE-1958_R_8733.xml	DE-1958_R_8733.xml
https://open-data.bundesarchiv.de/apex-ead/DE-1958_R_8734.xml	DE-1958_R_8734.xml
https://open-data.bundesarchiv.de/apex-ead/DE-1958_R_8735.xml	DE-1958_R_8735.xml
https://open-data.bundesarchiv.de/apex-ead/DE-1958_R_8736.xml	DE-1958_R_8736.xml
https://open-data.bundesarchiv.de/apex-ead/DE-1958_R_8737.xml	DE-1958_R_8737.xml
https://open-data.bundesarchiv.de/apex-ead/DE-1958_R_8738.xml	DE-1958_R_8738.xml
https://open-data.bundesarchiv.de/apex-ead/DE-1958_R_8739.xml	DE-1958_R_8739.xml
https://open-data.bundesarchiv.de/apex-ead/DE-1958_R_8740.xml	DE-1958_R_8740.xml
https://open-data.bundesarchiv.de/apex-ead/DE-1958_R_8741.xml	DE-1958_R_8741.xml
https://open-data.bundesarchiv.de/apex-ead/DE-1958_R_8742.xml	DE-1958_R_8742.xml
https://open-data.bundesarchiv.de/apex-ead/DE-1958_R_8743.xml	DE-1958_R_8743.xml
https://open-data.bundesarchiv.de/apex-ead/DE-1958_R_8744.xml	DE-1958_R_8744.xml
https://open-data.bundesarchiv.de/apex-ead/DE-1958_R_8745.xml	DE-1958_R_8745.xml
https://open-data.bundesarchiv.de/apex-ead/DE-1958_R_8746.xml	DE-1958_R_8746.xml
https://open-data.bundesarchiv.de/apex-ead/DE-1958_R_8747.xml	DE-1958_R_8747.xml
https://open-data.bundesarchiv.de/apex-ead/DE-1958_R_8748.xml	DE-1958_R_8748.xml
https://open-data.bundesarchiv.de/apex-ead/DE-1958_R_8749.xml	DE-1958_R_8749.xml
https://open-data.bundesarchiv.de/apex-ead/DE-1958_R_8750.xml	DE-1958_R_8750.xml
https://open-data.bundesarchiv.de/apex-ead/DE-1958_R_8751.xml	DE-1958_R_8751.xml
https://open-data.bundesarchiv.de/apex-ead/DE-1958_R_8752.xml	DE-1958_R_8752.xml
https://open-data.bundesarchiv.de/apex-ead/DE-1958_R_8754.xml	DE-1958_R_8754.xml
https://open-data.bundesarchiv.de/apex-ead/DE-1958_R_8755.xml	DE-1958_R_8755.xml
https://open-data.bundesarchiv.de/apex-ead/DE-1958_R_8756.xml	DE-1958_R_8756.xml
https://open-data.bundesarchiv.de/apex-ead/DE-1958_R_8757.xml	DE-1958_R_8757.xml
https://open-data.bundesarchiv.de/apex-ead/DE-1958_R_8758.xml	DE-1958_R_8758.xml
https://open-data.bundesarchiv.de/apex-ead/DE-1958_R_8759.xml	DE-1958_R_8759.xml
https://open-data.bundesarchiv.de/apex-ead/DE-1958_R_8760.xml	DE-1958_R_8760.xml
https://open-data.bundesarchiv.de/apex-ead/DE-1958_R_8761.xml	DE-1958_R_8761.xml
https://open-data.bundesarchiv.de/apex-ead/DE-1958_R_8762.xml	DE-1958_R_8762.xml
https://open-data.bundesarchiv.de/apex-ead/DE-1958_R_8763.xml	DE-1958_R_8763.xml
https://open-data.bundesarchiv.de/apex-ead/DE-1958_R_8764.xml	DE-1958_R_8764.xml
https://open-data.bundesarchiv.de/apex-ead/DE-1958_R_8765.xml	DE-1958_R_8765.xml
https://open-data.bundesarchiv.de/apex-ead/DE-1958_R_8766.xml	DE-1958_R_8766.xml
https://open-data.bundesarchiv.de/apex-ead/DE-1958_R_8767.xml	DE-1958_R_8767.xml
https://open-data.bundesarchiv.de/apex-ead/DE-1958_R_8768.xml	DE-1958_R_8768.xml
https://open-data.bundesarchiv.de/apex-ead/DE-1958_R_8769.xml	DE-1958_R_8769.xml
https://open-data.bundesarchiv.de/apex-ead/DE-1958_R_8770.xml	DE-1958_R_8770.xml
https://open-data.bundesarchiv.de/apex-ead/DE-1958_R_8771.xml	DE-1958_R_8771.xml
https://open-data.bundesarchiv.de/apex-ead/DE-1958_R_8772.xml	DE-1958_R_8772.xml
https://open-data.bundesarchiv.de/apex-ead/DE-1958_R_8773.xml	DE-1958_R_8773.xml
https://open-data.bundesarchiv.de/apex-ead/DE-1958_R_8774.xml	DE-1958_R_8774.xml
https://open-data.bundesarchiv.de/apex-ead/DE-1958_R_8775.xml	DE-1958_R_8775.xml
https://open-data.bundesarchiv.de/apex-ead/DE-1958_R_8776.xml	DE-1958_R_8776.xml
https://open-data.bundesarchiv.de/apex-ead/DE-1958_R_8778.xml	DE-1958_R_8778.xml
https://open-data.bundesarchiv.de/apex-ead/DE-1958_R_8780.xml	DE-1958_R_8780.xml
https://open-data.bundesarchiv.de/apex-ead/DE-1958_R_8781.xml	DE-1958_R_8781.xml
https://open-data.bundesarchiv.de/apex-ead/DE-1958_R_8782.xml	DE-1958_R_8782.xml
https://open-data.bundesarchiv.de/apex-ead/DE-1958_R_8783.xml	DE-1958_R_8783.xml
https://open-data.bundesarchiv.de/apex-ead/DE-1958_R_8784.xml	DE-1958_R_8784.xml
https://open-data.bundesarchiv.de/apex-ead/DE-1958_R_8785.xml	DE-1958_R_8785.xml
https://open-data.bundesarchiv.de/apex-ead/DE-1958_R_8786.xml	DE-1958_R_8786.xml
https://open-data.bundesarchiv.de/apex-ead/DE-1958_R_8787.xml	DE-1958_R_8787.xml
https://open-data.bundesarchiv.de/apex-ead/DE-1958_R_8801.xml	DE-1958_R_8801.xml
https://open-data.bundesarchiv.de/apex-ead/DE-1958_R_8802.xml	DE-1958_R_8802.xml
https://open-data.bundesarchiv.de/apex-ead/DE-1958_R_8803.xml	DE-1958_R_8803.xml
https://open-data.bundesarchiv.de/apex-ead/DE-1958_R_8805.xml	DE-1958_R_8805.xml
https://open-data.bundesarchiv.de/apex-ead/DE-1958_R_8806.xml	DE-1958_R_8806.xml
https://open-data.bundesarchiv.de/apex-ead/DE-1958_R_8807.xml	DE-1958_R_8807.xml
https://open-data.bundesarchiv.de/apex-ead/DE-1958_R_8808.xml	DE-1958_R_8808.xml
https://open-data.bundesarchiv.de/apex-ead/DE-1958_R_8809.xml	DE-1958_R_8809.xml
https://open-data.bundesarchiv.de/apex-ead/DE-1958_R_8810.xml	DE-1958_R_8810.xml
https://open-data.bundesarchiv.de/apex-ead/DE-1958_R_8811.xml	DE-1958_R_8811.xml
https://open-data.bundesarchiv.de/apex-ead/DE-1958_R_8812.xml	DE-1958_R_8812.xml
https://open-data.bundesarchiv.de/apex-ead/DE-1958_R_8813.xml	DE-1958_R_8813.xml
https://open-data.bundesarchiv.de/apex-ead/DE-1958_R_8814.xml	DE-1958_R_8814.xml
https://open-data.bundesarchiv.de/apex-ead/DE-1958_R_8815.xml	DE-1958_R_8815.xml
https://open-data.bundesarchiv.de/apex-ead/DE-1958_R_8816.xml	DE-1958_R_8816.xml
https://open-data.bundesarchiv.de/apex-ead/DE-1958_R_8817.xml	DE-1958_R_8817.xml
https://open-data.bundesarchiv.de/apex-ead/DE-1958_R_8818.xml	DE-1958_R_8818.xml
https://open-data.bundesarchiv.de/apex-ead/DE-1958_R_8819.xml	DE-1958_R_8819.xml
https://open-data.bundesarchiv.de/apex-ead/DE-1958_R_8820.xml	DE-1958_R_8820.xml
https://open-data.bundesarchiv.de/apex-ead/DE-1958_R_8821.xml	DE-1958_R_8821.xml
https://open-data.bundesarchiv.de/apex-ead/DE-1958_R_8822.xml	DE-1958_R_8822.xml
https://open-data.bundesarchiv.de/apex-ead/DE-1958_R_8823.xml	DE-1958_R_8823.xml
https://open-data.bundesarchiv.de/apex-ead/DE-1958_R_8824.xml	DE-1958_R_8824.xml
https://open-data.bundesarchiv.de/apex-ead/DE-1958_R_8825.xml	DE-1958_R_8825.xml
https://open-data.bundesarchiv.de/apex-ead/DE-1958_R_8826.xml	DE-1958_R_8826.xml
https://open-data.bundesarchiv.de/apex-ead/DE-1958_R_8827.xml	DE-1958_R_8827.xml
https://open-data.bundesarchiv.de/apex-ead/DE-1958_R_8828.xml	DE-1958_R_8828.xml
https://open-data.bundesarchiv.de/apex-ead/DE-1958_R_8829.xml	DE-1958_R_8829.xml
https://open-data.bundesarchiv.de/apex-ead/DE-1958_R_8831.xml	DE-1958_R_8831.xml
https://open-data.bundesarchiv.de/apex-ead/DE-1958_R_8832.xml	DE-1958_R_8832.xml
https://open-data.bundesarchiv.de/apex-ead/DE-1958_R_8833.xml	DE-1958_R_8833.xml
https://open-data.bundesarchiv.de/apex-ead/DE-1958_R_8834.xml	DE-1958_R_8834.xml
https://open-data.bundesarchiv.de/apex-ead/DE-1958_R_8835.xml	DE-1958_R_8835.xml
https://open-data.bundesarchiv.de/apex-ead/DE-1958_R_8836.xml	DE-1958_R_8836.xml
https://open-data.bundesarchiv.de/apex-ead/DE-1958_R_8837.xml	DE-1958_R_8837.xml
https://open-data.bundesarchiv.de/apex-ead/DE-1958_R_8838.xml	DE-1958_R_8838.xml
https://open-data.bundesarchiv.de/apex-ead/DE-1958_R_8839.xml	DE-1958_R_8839.xml
https://open-data.bundesarchiv.de/apex-ead/DE-1958_R_8840.xml	DE-1958_R_8840.xml
https://open-data.bundesarchiv.de/apex-ead/DE-1958_R_8841.xml	DE-1958_R_8841.xml
https://open-data.bundesarchiv.de/apex-ead/DE-1958_R_8842.xml	DE-1958_R_8842.xml
https://open-data.bundesarchiv.de/apex-ead/DE-1958_R_8843.xml	DE-1958_R_8843.xml
https://open-data.bundesarchiv.de/apex-ead/DE-1958_R_8844.xml	DE-1958_R_8844.xml
https://open-data.bundesarchiv.de/apex-ead/DE-1958_R_8845.xml	DE-1958_R_8845.xml
https://open-data.bundesarchiv.de/apex-ead/DE-1958_R_8846.xml	DE-1958_R_8846.xml
https://open-data.bundesarchiv.de/apex-ead/DE-1958_R_8847.xml	DE-1958_R_8847.xml
https://open-data.bundesarchiv.de/apex-ead/DE-1958_R_8848.xml	DE-1958_R_8848.xml
https://open-data.bundesarchiv.de/apex-ead/DE-1958_R_8849.xml	DE-1958_R_8849.xml
https://open-data.bundesarchiv.de/apex-ead/DE-1958_R_8850.xml	DE-1958_R_8850.xml
https://open-data.bundesarchiv.de/apex-ead/DE-1958_R_8851.xml	DE-1958_R_8851.xml
https://open-data.bundesarchiv.de/apex-ead/DE-1958_R_8852.xml	DE-1958_R_8852.xml
https://open-data.bundesarchiv.de/apex-ead/DE-1958_R_8853.xml	DE-1958_R_8853.xml
https://open-data.bundesarchiv.de/apex-ead/DE-1958_R_8854.xml	DE-1958_R_8854.xml
https://open-data.bundesarchiv.de/apex-ead/DE-1958_R_8855.xml	DE-1958_R_8855.xml
https://open-data.bundesarchiv.de/apex-ead/DE-1958_R_8902.xml	DE-1958_R_8902.xml
https://open-data.bundesarchiv.de/apex-ead/DE-1958_R_8903.xml	DE-1958_R_8903.xml
https://open-data.bundesarchiv.de/apex-ead/DE-1958_R_8904.xml	DE-1958_R_8904.xml
https://open-data.bundesarchiv.de/apex-ead/DE-1958_R_8905.xml	DE-1958_R_8905.xml
https://open-data.bundesarchiv.de/apex-ead/DE-1958_R_8907.xml	DE-1958_R_8907.xml
https://open-data.bundesarchiv.de/apex-ead/DE-1958_R_8908.xml	DE-1958_R_8908.xml
https://open-data.bundesarchiv.de/apex-ead/DE-1958_R_8909.xml	DE-1958_R_8909.xml
https://open-data.bundesarchiv.de/apex-ead/DE-1958_R_8910.xml	DE-1958_R_8910.xml
https://open-data.bundesarchiv.de/apex-ead/DE-1958_R_9345.xml	DE-1958_R_9345.xml
https://open-data.bundesarchiv.de/apex-ead/DE-1958_R_9346-I.xml	DE-1958_R_9346-I.xml
https://open-data.bundesarchiv.de/apex-ead/DE-1958_R_9346-II.xml	DE-1958_R_9346-II.xml
https://open-data.bundesarchiv.de/apex-ead/DE-1958_R_9346-III.xml	DE-1958_R_9346-III.xml
https://open-data.bundesarchiv.de/apex-ead/DE-1958_R_9346-IV.xml	DE-1958_R_9346-IV.xml
https://open-data.bundesarchiv.de/apex-ead/DE-1958_R_9346-V.xml	DE-1958_R_9346-V.xml
https://open-data.bundesarchiv.de/apex-ead/DE-1958_R_9347.xml	DE-1958_R_9347.xml
https://open-data.bundesarchiv.de/apex-ead/DE-1958_R_9348.xml	DE-1958_R_9348.xml
https://open-data.bundesarchiv.de/apex-ead/DE-1958_R_9349.xml	DE-1958_R_9349.xml
https://open-data.bundesarchiv.de/apex-ead/DE-1958_R_9350.xml	DE-1958_R_9350.xml
https://open-data.bundesarchiv.de/apex-ead/DE-1958_R_9351.xml	DE-1958_R_9351.xml
https://open-data.bundesarchiv.de/apex-ead/DE-1958_R_9353.xml	DE-1958_R_9353.xml
https://open-data.bundesarchiv.de/apex-ead/DE-1958_R_9354.xml	DE-1958_R_9354.xml
https://open-data.bundesarchiv.de/apex-ead/DE-1958_R_9355.xml	DE-1958_R_9355.xml
https://open-data.bundesarchiv.de/apex-ead/DE-1958_R_9357.xml	DE-1958_R_9357.xml
https://open-data.bundesarchiv.de/apex-ead/DE-1958_R_9358.xml	DE-1958_R_9358.xml
https://open-data.bundesarchiv.de/apex-ead/DE-1958_R_9359.xml	DE-1958_R_9359.xml
https://open-data.bundesarchiv.de/apex-ead/DE-1958_R_9360.xml	DE-1958_R_9360.xml
https://open-data.bundesarchiv.de/apex-ead/DE-1958_R_9361-I.xml	DE-1958_R_9361-I.xml
https://open-data.bundesarchiv.de/apex-ead/DE-1958_R_9361-III_BILD.xml	DE-1958_R_9361-III_BILD.xml
https://open-data.bundesarchiv.de/apex-ead/DE-1958_R_9361-IX_KARTEI.xml	DE-1958_R_9361-IX_KARTEI.xml
https://open-data.bundesarchiv.de/apex-ead/DE-1958_R_9361-V.xml	DE-1958_R_9361-V.xml
https://open-data.bundesarchiv.de/apex-ead/DE-1958_R_9361-VI.xml	DE-1958_R_9361-VI.xml
https://open-data.bundesarchiv.de/apex-ead/DE-1958_R_9361-VIII_KARTEI.xml	DE-1958_R_9361-VIII_KARTEI.xml
https://open-data.bundesarchiv.de/apex-ead/DE-1958_R_9361-VII_KARTEI.xml	DE-1958_R_9361-VII_KARTEI.xml
https://open-data.bundesarchiv.de/apex-ead/DE-1958_R_9362.xml	DE-1958_R_9362.xml
https://open-data.bundesarchiv.de/apex-ead/DE-1958_R_9363.xml	DE-1958_R_9363.xml
https://open-data.bundesarchiv.de/apex-ead/DE-1958_R_9364.xml	DE-1958_R_9364.xml
https://open-data.bundesarchiv.de/apex-ead/DE-1958_R_9366.xml	DE-1958_R_9366.xml
https://open-data.bundesarchiv.de/apex-ead/DE-1958_R_9367.xml	DE-1958_R_9367.xml
https://open-data.bundesarchiv.de/apex-ead/DE-1958_R_9368.xml	DE-1958_R_9368.xml
https://open-data.bundesarchiv.de/apex-ead/DE-1958_R_9369.xml	DE-1958_R_9369.xml
https://open-data.bundesarchiv.de/apex-ead/DE-1958_SGY_8.xml	DE-1958_SGY_8.xml
https://open-data.bundesarchiv.de/apex-ead/DE-1958_SGY_9.xml	DE-1958_SGY_9.xml
https://open-data.bundesarchiv.de/apex-ead/DE-1958_SGY_13.xml	DE-1958_SGY_13.xml
https://open-data.bundesarchiv.de/apex-ead/DE-1958_SGY_14.xml	DE-1958_SGY_14.xml
https://open-data.bundesarchiv.de/apex-ead/DE-1958_SGY_30.xml	DE-1958_SGY_30.xml
https://open-data.bundesarchiv.de/apex-ead/DE-1958_R_50-BILD.xml	DE-1958_R_50-BILD.xml
https://open-data.bundesarchiv.de/apex-ead/DE-1958_R_117.xml	DE-1958_R_117.xml
https://open-data.bundesarchiv.de/apex-ead/DE-1958_R_1509-KARTEI.xml	DE-1958_R_1509-KARTEI.xml
https://open-data.bundesarchiv.de/apex-ead/DE-1958_R_4324.xml	DE-1958_R_4324.xml