https://open-data.bundesarchiv.de/apex-ead/DE-1958_ALLPROZ_3.xml	DE-1958_ALLPROZ_3.xml
https://open-data.bundesarchiv.de/apex-ead/DE-1958_ALLPROZ_4.xml	DE-1958_ALLPROZ_4.xml
https://open-data.bundesarchiv.de/apex-ead/DE-1958_ALLPROZ_5.xml	DE-1958_ALLPROZ_5.xml
https://open-data.bundesarchiv.de/apex-ead/DE-1958_ALLPROZ_6.xml	DE-1958_ALLPROZ_6.xml
https://open-data.bundesarchiv.de/apex-ead/DE-1958_ALLPROZ_10.xml	DE-1958_ALLPROZ_10.xml
https://open-data.bundesarchiv.de/apex-ead/DE-1958_ALLPROZ_21.xml	DE-1958_ALLPROZ_21.xml
https://open-data.bundesarchiv.de/apex-ead/DE-1958_B_102.xml	DE-1958_B_102.xml
https://open-data.bundesarchiv.de/apex-ead/DE-1958_B_103.xml	DE-1958_B_103.xml
https://open-data.bundesarchiv.de/apex-ead/DE-1958_B_114.xml	DE-1958_B_114.xml
https://open-data.bundesarchiv.de/apex-ead/DE-1958_B_115.xml	DE-1958_B_115.xml
https://open-data.bundesarchiv.de/apex-ead/DE-1958_B_122.xml	DE-1958_B_122.xml
https://open-data.bundesarchiv.de/apex-ead/DE-1958_B_125.xml	DE-1958_B_125.xml
https://open-data.bundesarchiv.de/apex-ead/DE-1958_B_126.xml	DE-1958_B_126.xml
https://open-data.bundesarchiv.de/apex-ead/DE-1958_B_129.xml	DE-1958_B_129.xml
https://open-data.bundesarchiv.de/apex-ead/DE-1958_B_136.xml	DE-1958_B_136.xml
https://open-data.bundesarchiv.de/apex-ead/DE-1958_B_150.xml	DE-1958_B_150.xml
https://open-data.bundesarchiv.de/apex-ead/DE-1958_B_177.xml	DE-1958_B_177.xml
https://open-data.bundesarchiv.de/apex-ead/DE-1958_B_178.xml	DE-1958_B_178.xml
https://open-data.bundesarchiv.de/apex-ead/DE-1958_B_183.xml	DE-1958_B_183.xml
https://open-data.bundesarchiv.de/apex-ead/DE-1958_B_184.xml	DE-1958_B_184.xml
https://open-data.bundesarchiv.de/apex-ead/DE-1958_B_239.xml	DE-1958_B_239.xml
https://open-data.bundesarchiv.de/apex-ead/DE-1958_B_240.xml	DE-1958_B_240.xml
https://open-data.bundesarchiv.de/apex-ead/DE-1958_B_259.xml	DE-1958_B_259.xml
https://open-data.bundesarchiv.de/apex-ead/DE-1958_B_260.xml	DE-1958_B_260.xml
https://open-data.bundesarchiv.de/apex-ead/DE-1958_B_280.xml	DE-1958_B_280.xml
https://open-data.bundesarchiv.de/apex-ead/DE-1958_B_323-F.xml	DE-1958_B_323-F.xml
https://open-data.bundesarchiv.de/apex-ead/DE-1958_B_323.xml	DE-1958_B_323.xml
https://open-data.bundesarchiv.de/apex-ead/DE-1958_B_326.xml	DE-1958_B_326.xml
https://open-data.bundesarchiv.de/apex-ead/DE-1958_B_330.xml	DE-1958_B_330.xml
https://open-data.bundesarchiv.de/apex-ead/DE-1958_B_373.xml	DE-1958_B_373.xml
https://open-data.bundesarchiv.de/apex-ead/DE-1958_B_400.xml	DE-1958_B_400.xml
https://open-data.bundesarchiv.de/apex-ead/DE-1958_B_427.xml	DE-1958_B_427.xml
https://open-data.bundesarchiv.de/apex-ead/DE-1958_NS_18-BILD.xml	DE-1958_NS_18-BILD.xml
https://open-data.bundesarchiv.de/apex-ead/DE-1958_NS_28-BILD.xml	DE-1958_NS_28-BILD.xml
https://open-data.bundesarchiv.de/apex-ead/DE-1958_N_1043.xml	DE-1958_N_1043.xml
https://open-data.bundesarchiv.de/apex-ead/DE-1958_N_1075.xml	DE-1958_N_1075.xml
https://open-data.bundesarchiv.de/apex-ead/DE-1958_N_1094.xml	DE-1958_N_1094.xml
https://open-data.bundesarchiv.de/apex-ead/DE-1958_N_1109.xml	DE-1958_N_1109.xml
https://open-data.bundesarchiv.de/apex-ead/DE-1958_N_1110.xml	DE-1958_N_1110.xml
https://open-data.bundesarchiv.de/apex-ead/DE-1958_N_1118.xml	DE-1958_N_1118.xml
https://open-data.bundesarchiv.de/apex-ead/DE-1958_N_1120.xml	DE-1958_N_1120.xml
https://open-data.bundesarchiv.de/apex-ead/DE-1958_N_1121.xml	DE-1958_N_1121.xml
https://open-data.bundesarchiv.de/apex-ead/DE-1958_N_1125.xml	DE-1958_N_1125.xml
https://open-data.bundesarchiv.de/apex-ead/DE-1958_N_1126.xml	DE-1958_N_1126.xml
https://open-data.bundesarchiv.de/apex-ead/DE-1958_N_1128.xml	DE-1958_N_1128.xml
https://open-data.bundesarchiv.de/apex-ead/DE-1958_N_1160.xml	DE-1958_N_1160.xml
https://open-data.bundesarchiv.de/apex-ead/DE-1958_N_1180.xml	DE-1958_N_1180.xml
https://open-data.bundesarchiv.de/apex-ead/DE-1958_N_1235.xml	DE-1958_N_1235.xml
https://open-data.bundesarchiv.de/apex-ead/DE-1958_N_1241.xml	DE-1958_N_1241.xml
https://open-data.bundesarchiv.de/apex-ead/DE-1958_N_1271.xml	DE-1958_N_1271.xml
https://open-data.bundesarchiv.de/apex-ead/DE-1958_N_1291.xml	DE-1958_N_1291.xml
https://open-data.bundesarchiv.de/apex-ead/DE-1958_N_1292.xml	DE-1958_N_1292.xml
https://open-data.bundesarchiv.de/apex-ead/DE-1958_N_1294.xml	DE-1958_N_1294.xml
https://open-data.bundesarchiv.de/apex-ead/DE-1958_N_1296.xml	DE-1958_N_1296.xml
https://open-data.bundesarchiv.de/apex-ead/DE-1958_N_1304.xml	DE-1958_N_1304.xml
https://open-data.bundesarchiv.de/apex-ead/DE-1958_N_1310.xml	DE-1958_N_1310.xml
https://open-data.bundesarchiv.de/apex-ead/DE-1958_N_1329.xml	DE-1958_N_1329.xml
https://open-data.bundesarchiv.de/apex-ead/DE-1958_N_1340.xml	DE-1958_N_1340.xml
https://open-data.bundesarchiv.de/apex-ead/DE-1958_N_1344.xml	DE-1958_N_1344.xml
https://open-data.bundesarchiv.de/apex-ead/DE-1958_N_1362.xml	DE-1958_N_1362.xml
https://open-data.bundesarchiv.de/apex-ead/DE-1958_N_1373.xml	DE-1958_N_1373.xml
https://open-data.bundesarchiv.de/apex-ead/DE-1958_N_1388.xml	DE-1958_N_1388.xml
https://open-data.bundesarchiv.de/apex-ead/DE-1958_N_1400.xml	DE-1958_N_1400.xml
https://open-data.bundesarchiv.de/apex-ead/DE-1958_N_1415.xml	DE-1958_N_1415.xml
https://open-data.bundesarchiv.de/apex-ead/DE-1958_N_1428.xml	DE-1958_N_1428.xml
https://open-data.bundesarchiv.de/apex-ead/DE-1958_N_1493.xml	DE-1958_N_1493.xml
https://open-data.bundesarchiv.de/apex-ead/DE-1958_N_1497.xml	DE-1958_N_1497.xml
https://open-data.bundesarchiv.de/apex-ead/DE-1958_N_1566.xml	DE-1958_N_1566.xml
https://open-data.bundesarchiv.de/apex-ead/DE-1958_N_1567.xml	DE-1958_N_1567.xml
https://open-data.bundesarchiv.de/apex-ead/DE-1958_N_1582.xml	DE-1958_N_1582.xml
https://open-data.bundesarchiv.de/apex-ead/DE-1958_N_1632.xml	DE-1958_N_1632.xml
https://open-data.bundesarchiv.de/apex-ead/DE-1958_N_1689.xml	DE-1958_N_1689.xml
https://open-data.bundesarchiv.de/apex-ead/DE-1958_N_1719.xml	DE-1958_N_1719.xml
https://open-data.bundesarchiv.de/apex-ead/DE-1958_N_1747.xml	DE-1958_N_1747.xml
https://open-data.bundesarchiv.de/apex-ead/DE-1958_N_1769.xml	DE-1958_N_1769.xml
https://open-data.bundesarchiv.de/apex-ead/DE-1958_N_1778.xml	DE-1958_N_1778.xml
https://open-data.bundesarchiv.de/apex-ead/DE-1958_N_1808.xml	DE-1958_N_1808.xml
https://open-data.bundesarchiv.de/apex-ead/DE-1958_RH_8-II_BILD.xml	DE-1958_RH_8-II_BILD.xml
https://open-data.bundesarchiv.de/apex-ead/DE-1958_RH_82-BILD.xml	DE-1958_RH_82-BILD.xml
https://open-data.bundesarchiv.de/apex-ead/DE-1958_RL_2-II_BILD.xml	DE-1958_RL_2-II_BILD.xml
https://open-data.bundesarchiv.de/apex-ead/DE-1958_RW_5-BILD.xml	DE-1958_RW_5-BILD.xml
https://open-data.bundesarchiv.de/apex-ead/DE-1958_R_2-PLAK.xml	DE-1958_R_2-PLAK.xml
https://open-data.bundesarchiv.de/apex-ead/DE-1958_R_6-BILD.xml	DE-1958_R_6-BILD.xml
https://open-data.bundesarchiv.de/apex-ead/DE-1958_R_49-BILD.xml	DE-1958_R_49-BILD.xml
https://open-data.bundesarchiv.de/apex-ead/DE-1958_R_56-BILD.xml	DE-1958_R_56-BILD.xml
https://open-data.bundesarchiv.de/apex-ead/DE-1958_R_56-VII_BILD.xml	DE-1958_R_56-VII_BILD.xml
https://open-data.bundesarchiv.de/apex-ead/DE-1958_R_67-BILD.xml	DE-1958_R_67-BILD.xml
https://open-data.bundesarchiv.de/apex-ead/DE-1958_R_78-TON.xml	DE-1958_R_78-TON.xml
https://open-data.bundesarchiv.de/apex-ead/DE-1958_R_113-KART.xml	DE-1958_R_113-KART.xml
https://open-data.bundesarchiv.de/apex-ead/DE-1958_R_121-BILD.xml	DE-1958_R_121-BILD.xml
https://open-data.bundesarchiv.de/apex-ead/DE-1958_R_130.xml	DE-1958_R_130.xml
https://open-data.bundesarchiv.de/apex-ead/DE-1958_R_143.xml	DE-1958_R_143.xml
https://open-data.bundesarchiv.de/apex-ead/DE-1958_R_165-BILD.xml	DE-1958_R_165-BILD.xml
https://open-data.bundesarchiv.de/apex-ead/DE-1958_R_169-BILD.xml	DE-1958_R_169-BILD.xml
https://open-data.bundesarchiv.de/apex-ead/DE-1958_R_601-BILD.xml	DE-1958_R_601-BILD.xml
https://open-data.bundesarchiv.de/apex-ead/DE-1958_R_3017-TON.xml	DE-1958_R_3017-TON.xml
https://open-data.bundesarchiv.de/apex-ead/DE-1958_R_3018-TON.xml	DE-1958_R_3018-TON.xml
https://open-data.bundesarchiv.de/apex-ead/DE-1958_R_3602-BILD.xml	DE-1958_R_3602-BILD.xml
https://open-data.bundesarchiv.de/apex-ead/DE-1958_R_4606-BILD.xml	DE-1958_R_4606-BILD.xml
https://open-data.bundesarchiv.de/apex-ead/DE-1958_R_8076-BILD.xml	DE-1958_R_8076-BILD.xml
https://open-data.bundesarchiv.de/apex-ead/DE-1958_R_9352-BILD.xml	DE-1958_R_9352-BILD.xml
https://open-data.bundesarchiv.de/apex-ead/DE-1958_ZSG_122.xml	DE-1958_ZSG_122.xml
https://open-data.bundesarchiv.de/apex-ead/DE-1958_ZSG_154.xml	DE-1958_ZSG_154.xml
https://open-data.bundesarchiv.de/apex-ead/DE-1958_B_331-BNS.xml	DE-1958_B_331-BNS.xml
https://open-data.bundesarchiv.de/apex-ead/DE-1958_B_331-BW.xml	DE-1958_B_331-BW.xml
https://open-data.bundesarchiv.de/apex-ead/DE-1958_B_331-HB.xml	DE-1958_B_331-HB.xml
https://open-data.bundesarchiv.de/apex-ead/DE-1958_B_331-NRW.xml	DE-1958_B_331-NRW.xml
https://open-data.bundesarchiv.de/apex-ead/DE-1958_B_331-S.xml	DE-1958_B_331-S.xml
https://open-data.bundesarchiv.de/apex-ead/DE-1958_B_332.xml	DE-1958_B_332.xml
https://open-data.bundesarchiv.de/apex-ead/DE-1958_ZSG_155.xml	DE-1958_ZSG_155.xml