http://d-nb.info/980255783/about/marcxml	980255783.xml
http://d-nb.info/980262801/about/marcxml	980262801.xml
http://d-nb.info/980342481/about/marcxml	980342481.xml
http://d-nb.info/986696269/about/marcxml	986696269.xml
http://d-nb.info/1004224680/about/marcxml	1004224680.xml
http://d-nb.info/982175086/about/marcxml	982175086.xml
http://d-nb.info/986695777/about/marcxml	986695777.xml
http://d-nb.info/981872638/about/marcxml	981872638.xml
http://d-nb.info/981881890/about/marcxml	981881890.xml
http://d-nb.info/981881599/about/marcxml	981881599.xml
http://d-nb.info/981880878/about/marcxml	981880878.xml
http://d-nb.info/981880193/about/marcxml	981880193.xml
http://d-nb.info/981904181/about/marcxml	981904181.xml
http://d-nb.info/981902596/about/marcxml	981902596.xml
http://d-nb.info/1018967427/about/marcxml	1018967427.xml
http://d-nb.info/981903096/about/marcxml	981903096.xml
http://d-nb.info/983067252/about/marcxml	983067252.xml
http://d-nb.info/981907520/about/marcxml	981907520.xml
http://d-nb.info/975164457/about/marcxml	975164457.xml
http://d-nb.info/982353278/about/marcxml	982353278.xml
http://d-nb.info/981931499/about/marcxml	981931499.xml
http://d-nb.info/98202116X/about/marcxml	98202116X.xml
http://d-nb.info/982019904/about/marcxml	982019904.xml
http://d-nb.info/976383314/about/marcxml	976383314.xml
http://d-nb.info/977994252/about/marcxml	977994252.xml
http://d-nb.info/981932517/about/marcxml	981932517.xml
http://d-nb.info/984104658/about/marcxml	984104658.xml
http://d-nb.info/982017774/about/marcxml	982017774.xml
http://d-nb.info/106266583X/about/marcxml	106266583X.xml
http://d-nb.info/982010052/about/marcxml	982010052.xml
http://d-nb.info/120103454X/about/marcxml	120103454X.xml
http://d-nb.info/1190254425/about/marcxml	1190254425.xml
http://d-nb.info/982022980/about/marcxml	982022980.xml
http://d-nb.info/981909914/about/marcxml	981909914.xml
http://d-nb.info/982962916/about/marcxml	982962916.xml
http://d-nb.info/982954743/about/marcxml	982954743.xml
http://d-nb.info/982011199/about/marcxml	982011199.xml
http://d-nb.info/985398248/about/marcxml	985398248.xml
http://d-nb.info/982947399/about/marcxml	982947399.xml
http://d-nb.info/1049942876/about/marcxml	1049942876.xml
http://d-nb.info/977993922/about/marcxml	977993922.xml
http://d-nb.info/981933572/about/marcxml	981933572.xml
http://d-nb.info/975165089/about/marcxml	975165089.xml
http://d-nb.info/975165275/about/marcxml	975165275.xml
http://d-nb.info/1061040240/about/marcxml	1061040240.xml
http://d-nb.info/977966429/about/marcxml	977966429.xml
http://d-nb.info/981937306/about/marcxml	981937306.xml
http://d-nb.info/981936687/about/marcxml	981936687.xml
http://d-nb.info/981815596/about/marcxml	981815596.xml
http://d-nb.info/984260854/about/marcxml	984260854.xml
http://d-nb.info/982295987/about/marcxml	982295987.xml
http://d-nb.info/988127369/about/marcxml	988127369.xml
http://d-nb.info/982304633/about/marcxml	982304633.xml
http://d-nb.info/987173022/about/marcxml	987173022.xml
http://d-nb.info/982903766/about/marcxml	982903766.xml
http://d-nb.info/971282641/about/marcxml	971282641.xml
http://d-nb.info/1252952430/about/marcxml	1252952430.xml
http://d-nb.info/981986099/about/marcxml	981986099.xml
http://d-nb.info/1020346302/about/marcxml	1020346302.xml
http://d-nb.info/990704424/about/marcxml	990704424.xml
http://d-nb.info/985362006/about/marcxml	985362006.xml
http://d-nb.info/1005070903/about/marcxml	1005070903.xml
http://d-nb.info/981936350/about/marcxml	981936350.xml
http://d-nb.info/98198908X/about/marcxml	98198908X.xml
http://d-nb.info/986695386/about/marcxml	986695386.xml
http://d-nb.info/982358547/about/marcxml	982358547.xml
http://d-nb.info/986202800/about/marcxml	986202800.xml
http://d-nb.info/1012852415/about/marcxml	1012852415.xml
http://d-nb.info/1010034383/about/marcxml	1010034383.xml
http://d-nb.info/981987133/about/marcxml	981987133.xml
http://d-nb.info/981988644/about/marcxml	981988644.xml
http://d-nb.info/98200902X/about/marcxml	98200902X.xml
http://d-nb.info/981984096/about/marcxml	981984096.xml
http://d-nb.info/982086318/about/marcxml	982086318.xml
http://d-nb.info/982318391/about/marcxml	982318391.xml
http://d-nb.info/981968937/about/marcxml	981968937.xml
http://d-nb.info/1080336338/about/marcxml	1080336338.xml
http://d-nb.info/1252351844/about/marcxml	1252351844.xml
http://d-nb.info/982320973/about/marcxml	982320973.xml
http://d-nb.info/98197595X/about/marcxml	98197595X.xml
http://d-nb.info/982087357/about/marcxml	982087357.xml
http://d-nb.info/982093519/about/marcxml	982093519.xml
http://d-nb.info/982093330/about/marcxml	982093330.xml
http://d-nb.info/982177429/about/marcxml	982177429.xml
http://d-nb.info/98209289X/about/marcxml	98209289X.xml
http://d-nb.info/988550865/about/marcxml	988550865.xml
http://d-nb.info/982094159/about/marcxml	982094159.xml
http://d-nb.info/982101244/about/marcxml	982101244.xml
http://d-nb.info/1058888501/about/marcxml	1058888501.xml
http://d-nb.info/982113269/about/marcxml	982113269.xml
http://d-nb.info/1080328076/about/marcxml	1080328076.xml
http://d-nb.info/1008298301/about/marcxml	1008298301.xml
http://d-nb.info/982114591/about/marcxml	982114591.xml
http://d-nb.info/1080262377/about/marcxml	1080262377.xml
http://d-nb.info/993488064/about/marcxml	993488064.xml
http://d-nb.info/1028271980/about/marcxml	1028271980.xml
http://d-nb.info/982111975/about/marcxml	982111975.xml
http://d-nb.info/990702367/about/marcxml	990702367.xml
http://d-nb.info/982189508/about/marcxml	982189508.xml
http://d-nb.info/982190069/about/marcxml	982190069.xml
http://d-nb.info/982191057/about/marcxml	982191057.xml
http://d-nb.info/995178755/about/marcxml	995178755.xml
http://d-nb.info/982191502/about/marcxml	982191502.xml
http://d-nb.info/982192053/about/marcxml	982192053.xml
http://d-nb.info/987728261/about/marcxml	987728261.xml
http://d-nb.info/982012721/about/marcxml	982012721.xml
http://d-nb.info/982012012/about/marcxml	982012012.xml
http://d-nb.info/982727119/about/marcxml	982727119.xml
http://d-nb.info/981968627/about/marcxml	981968627.xml
http://d-nb.info/1242761438/about/marcxml	1242761438.xml
http://d-nb.info/982116861/about/marcxml	982116861.xml
http://d-nb.info/978829611/about/marcxml	978829611.xml
http://d-nb.info/1059338777/about/marcxml	1059338777.xml
http://d-nb.info/971267278/about/marcxml	971267278.xml
http://d-nb.info/992105692/about/marcxml	992105692.xml
http://d-nb.info/1035035871/about/marcxml	1035035871.xml
http://d-nb.info/989448584/about/marcxml	989448584.xml
http://d-nb.info/1071925105/about/marcxml	1071925105.xml
http://d-nb.info/982188714/about/marcxml	982188714.xml
http://d-nb.info/982094337/about/marcxml	982094337.xml
http://d-nb.info/982094418/about/marcxml	982094418.xml
http://d-nb.info/1209570122/about/marcxml	1209570122.xml
http://d-nb.info/1020414510/about/marcxml	1020414510.xml
http://d-nb.info/982409001/about/marcxml	982409001.xml
http://d-nb.info/983030863/about/marcxml	983030863.xml
http://d-nb.info/1248175433/about/marcxml	1248175433.xml
http://d-nb.info/982094698/about/marcxml	982094698.xml
http://d-nb.info/987883941/about/marcxml	987883941.xml
http://d-nb.info/987884174/about/marcxml	987884174.xml
http://d-nb.info/98217523X/about/marcxml	98217523X.xml
http://d-nb.info/982417330/about/marcxml	982417330.xml
http://d-nb.info/1009751700/about/marcxml	1009751700.xml
http://d-nb.info/981818919/about/marcxml	981818919.xml
http://d-nb.info/1004224893/about/marcxml	1004224893.xml
http://d-nb.info/993487149/about/marcxml	993487149.xml
http://d-nb.info/993487351/about/marcxml	993487351.xml
http://d-nb.info/1060449722/about/marcxml	1060449722.xml
http://d-nb.info/983157375/about/marcxml	983157375.xml
http://d-nb.info/983157146/about/marcxml	983157146.xml
http://d-nb.info/1244323594/about/marcxml	1244323594.xml
http://d-nb.info/98241871X/about/marcxml	98241871X.xml
http://d-nb.info/1001583280/about/marcxml	1001583280.xml
http://d-nb.info/982420862/about/marcxml	982420862.xml
http://d-nb.info/1201035899/about/marcxml	1201035899.xml
http://d-nb.info/1185537295/about/marcxml	1185537295.xml
http://d-nb.info/982421702/about/marcxml	982421702.xml
http://d-nb.info/108050320X/about/marcxml	108050320X.xml
http://d-nb.info/1243692103/about/marcxml	1243692103.xml
http://d-nb.info/1064606865/about/marcxml	1064606865.xml
http://d-nb.info/982870183/about/marcxml	982870183.xml
http://d-nb.info/982119267/about/marcxml	982119267.xml
http://d-nb.info/990703274/about/marcxml	990703274.xml
http://d-nb.info/982894848/about/marcxml	982894848.xml
http://d-nb.info/976374587/about/marcxml	976374587.xml
http://d-nb.info/98212015X/about/marcxml	98212015X.xml
http://d-nb.info/982120591/about/marcxml	982120591.xml
http://d-nb.info/1201035376/about/marcxml	1201035376.xml
http://d-nb.info/982121261/about/marcxml	982121261.xml
http://d-nb.info/98288396X/about/marcxml	98288396X.xml
http://d-nb.info/982121024/about/marcxml	982121024.xml
http://d-nb.info/982422644/about/marcxml	982422644.xml
http://d-nb.info/98242406X/about/marcxml	98242406X.xml
http://d-nb.info/1082323578/about/marcxml	1082323578.xml
http://d-nb.info/1223476316/about/marcxml	1223476316.xml
http://d-nb.info/982424310/about/marcxml	982424310.xml
http://d-nb.info/1025564596/about/marcxml	1025564596.xml
http://d-nb.info/982292422/about/marcxml	982292422.xml
http://d-nb.info/982293348/about/marcxml	982293348.xml
http://d-nb.info/1059374137/about/marcxml	1059374137.xml
http://d-nb.info/984053271/about/marcxml	984053271.xml
http://d-nb.info/99073224X/about/marcxml	99073224X.xml
http://d-nb.info/1064185800/about/marcxml	1064185800.xml
http://d-nb.info/98938604X/about/marcxml	98938604X.xml
http://d-nb.info/98286955X/about/marcxml	98286955X.xml
http://d-nb.info/982425023/about/marcxml	982425023.xml
http://d-nb.info/1060815036/about/marcxml	1060815036.xml
http://d-nb.info/982848641/about/marcxml	982848641.xml
http://d-nb.info/983030928/about/marcxml	983030928.xml
http://d-nb.info/982429118/about/marcxml	982429118.xml
http://d-nb.info/982295421/about/marcxml	982295421.xml
http://d-nb.info/982437021/about/marcxml	982437021.xml
http://d-nb.info/1173461167/about/marcxml	1173461167.xml
http://d-nb.info/983036292/about/marcxml	983036292.xml
http://d-nb.info/1020550740/about/marcxml	1020550740.xml
http://d-nb.info/985179546/about/marcxml	985179546.xml
http://d-nb.info/982847912/about/marcxml	982847912.xml
http://d-nb.info/985342188/about/marcxml	985342188.xml
http://d-nb.info/978806328/about/marcxml	978806328.xml
http://d-nb.info/982294174/about/marcxml	982294174.xml
http://d-nb.info/982829280/about/marcxml	982829280.xml
http://d-nb.info/982325320/about/marcxml	982325320.xml
http://d-nb.info/1223469557/about/marcxml	1223469557.xml
http://d-nb.info/1004773838/about/marcxml	1004773838.xml
http://d-nb.info/982022182/about/marcxml	982022182.xml
http://d-nb.info/982422903/about/marcxml	982422903.xml
http://d-nb.info/1004075073/about/marcxml	1004075073.xml
http://d-nb.info/1003997457/about/marcxml	1003997457.xml
http://d-nb.info/982437684/about/marcxml	982437684.xml
http://d-nb.info/983189234/about/marcxml	983189234.xml
http://d-nb.info/982819870/about/marcxml	982819870.xml
http://d-nb.info/120102496X/about/marcxml	120102496X.xml
http://d-nb.info/1242559213/about/marcxml	1242559213.xml
http://d-nb.info/1117834867/about/marcxml	1117834867.xml
http://d-nb.info/98243653X/about/marcxml	98243653X.xml
http://d-nb.info/982829736/about/marcxml	982829736.xml
http://d-nb.info/102311013X/about/marcxml	102311013X.xml
http://d-nb.info/982332122/about/marcxml	982332122.xml
http://d-nb.info/982336608/about/marcxml	982336608.xml
http://d-nb.info/982798628/about/marcxml	982798628.xml
http://d-nb.info/982793960/about/marcxml	982793960.xml
http://d-nb.info/1020478411/about/marcxml	1020478411.xml
http://d-nb.info/982793944/about/marcxml	982793944.xml
http://d-nb.info/1062529243/about/marcxml	1062529243.xml
http://d-nb.info/98288236X/about/marcxml	98288236X.xml
http://d-nb.info/982098790/about/marcxml	982098790.xml
http://d-nb.info/1009563181/about/marcxml	1009563181.xml
http://d-nb.info/1004336055/about/marcxml	1004336055.xml
http://d-nb.info/982021933/about/marcxml	982021933.xml
http://d-nb.info/974501980/about/marcxml	974501980.xml
http://d-nb.info/982214235/about/marcxml	982214235.xml
http://d-nb.info/988717174/about/marcxml	988717174.xml
http://d-nb.info/1252541023/about/marcxml	1252541023.xml
http://d-nb.info/982022492/about/marcxml	982022492.xml
http://d-nb.info/1058891057/about/marcxml	1058891057.xml
http://d-nb.info/982793936/about/marcxml	982793936.xml
http://d-nb.info/985178132/about/marcxml	985178132.xml
http://d-nb.info/98181428X/about/marcxml	98181428X.xml
http://d-nb.info/982793928/about/marcxml	982793928.xml
http://d-nb.info/982099177/about/marcxml	982099177.xml
http://d-nb.info/1021491020/about/marcxml	1021491020.xml
http://d-nb.info/982013779/about/marcxml	982013779.xml
http://d-nb.info/972227997/about/marcxml	972227997.xml
http://d-nb.info/1216845905/about/marcxml	1216845905.xml
http://d-nb.info/982215339/about/marcxml	982215339.xml
http://d-nb.info/982018444/about/marcxml	982018444.xml
http://d-nb.info/982175310/about/marcxml	982175310.xml
http://d-nb.info/984088725/about/marcxml	984088725.xml
http://d-nb.info/982212259/about/marcxml	982212259.xml
http://d-nb.info/1070599301/about/marcxml	1070599301.xml
http://d-nb.info/98788428X/about/marcxml	98788428X.xml
http://d-nb.info/1242297960/about/marcxml	1242297960.xml
http://d-nb.info/1173104763/about/marcxml	1173104763.xml
http://d-nb.info/982013469/about/marcxml	982013469.xml
http://d-nb.info/982956347/about/marcxml	982956347.xml
http://d-nb.info/1027383386/about/marcxml	1027383386.xml
http://d-nb.info/977968715/about/marcxml	977968715.xml
http://d-nb.info/982216289/about/marcxml	982216289.xml
http://d-nb.info/1070598682/about/marcxml	1070598682.xml
http://d-nb.info/982892586/about/marcxml	982892586.xml
http://d-nb.info/982438877/about/marcxml	982438877.xml
http://d-nb.info/1004776713/about/marcxml	1004776713.xml
http://d-nb.info/982696086/about/marcxml	982696086.xml
http://d-nb.info/1234184281/about/marcxml	1234184281.xml
http://d-nb.info/982141068/about/marcxml	982141068.xml
http://d-nb.info/982020368/about/marcxml	982020368.xml
http://d-nb.info/985196955/about/marcxml	985196955.xml
http://d-nb.info/982438443/about/marcxml	982438443.xml
http://d-nb.info/1181877857/about/marcxml	1181877857.xml
http://d-nb.info/1242061835/about/marcxml	1242061835.xml
http://d-nb.info/983031355/about/marcxml	983031355.xml
http://d-nb.info/983031614/about/marcxml	983031614.xml
http://d-nb.info/982441134/about/marcxml	982441134.xml
http://d-nb.info/108215654X/about/marcxml	108215654X.xml
http://d-nb.info/982440405/about/marcxml	982440405.xml
http://d-nb.info/982713118/about/marcxml	982713118.xml
http://d-nb.info/1190249278/about/marcxml	1190249278.xml
http://d-nb.info/982021593/about/marcxml	982021593.xml
http://d-nb.info/984260781/about/marcxml	984260781.xml
http://d-nb.info/1060299305/about/marcxml	1060299305.xml
http://d-nb.info/982741006/about/marcxml	982741006.xml
http://d-nb.info/982729499/about/marcxml	982729499.xml
http://d-nb.info/982013876/about/marcxml	982013876.xml
http://d-nb.info/982715889/about/marcxml	982715889.xml
http://d-nb.info/982715412/about/marcxml	982715412.xml
http://d-nb.info/1213099196/about/marcxml	1213099196.xml
http://d-nb.info/1174032146/about/marcxml	1174032146.xml
http://d-nb.info/982714718/about/marcxml	982714718.xml
http://d-nb.info/982571755/about/marcxml	982571755.xml
http://d-nb.info/982572700/about/marcxml	982572700.xml
http://d-nb.info/986817147/about/marcxml	986817147.xml
http://d-nb.info/982693605/about/marcxml	982693605.xml
http://d-nb.info/982681852/about/marcxml	982681852.xml
http://d-nb.info/982694830/about/marcxml	982694830.xml
http://d-nb.info/1166791750/about/marcxml	1166791750.xml
http://d-nb.info/1004859775/about/marcxml	1004859775.xml
http://d-nb.info/989380254/about/marcxml	989380254.xml
http://d-nb.info/983003521/about/marcxml	983003521.xml
http://d-nb.info/98261392X/about/marcxml	98261392X.xml
http://d-nb.info/1213252113/about/marcxml	1213252113.xml
http://d-nb.info/1009104020/about/marcxml	1009104020.xml
http://d-nb.info/983064733/about/marcxml	983064733.xml
http://d-nb.info/982297130/about/marcxml	982297130.xml
http://d-nb.info/983054312/about/marcxml	983054312.xml
http://d-nb.info/983065306/about/marcxml	983065306.xml
http://d-nb.info/1003666841/about/marcxml	1003666841.xml
http://d-nb.info/983065756/about/marcxml	983065756.xml
http://d-nb.info/983066469/about/marcxml	983066469.xml
http://d-nb.info/101895113X/about/marcxml	101895113X.xml
http://d-nb.info/1018951636/about/marcxml	1018951636.xml
http://d-nb.info/983033838/about/marcxml	983033838.xml
http://d-nb.info/983035482/about/marcxml	983035482.xml
http://d-nb.info/1204023522/about/marcxml	1204023522.xml
http://d-nb.info/1061144887/about/marcxml	1061144887.xml
http://d-nb.info/1060451700/about/marcxml	1060451700.xml
http://d-nb.info/982353766/about/marcxml	982353766.xml
http://d-nb.info/982357540/about/marcxml	982357540.xml
http://d-nb.info/988551012/about/marcxml	988551012.xml
http://d-nb.info/982356102/about/marcxml	982356102.xml
http://d-nb.info/1031107916/about/marcxml	1031107916.xml
http://d-nb.info/982357990/about/marcxml	982357990.xml
http://d-nb.info/1152091662/about/marcxml	1152091662.xml
http://d-nb.info/990732096/about/marcxml	990732096.xml
http://d-nb.info/98235472X/about/marcxml	98235472X.xml
http://d-nb.info/982300336/about/marcxml	982300336.xml
http://d-nb.info/1167007891/about/marcxml	1167007891.xml
http://d-nb.info/971058350/about/marcxml	971058350.xml
http://d-nb.info/982300980/about/marcxml	982300980.xml
http://d-nb.info/123245480X/about/marcxml	123245480X.xml
http://d-nb.info/982299397/about/marcxml	982299397.xml
http://d-nb.info/1166792293/about/marcxml	1166792293.xml
http://d-nb.info/982493207/about/marcxml	982493207.xml
http://d-nb.info/1065345194/about/marcxml	1065345194.xml
http://d-nb.info/1006766693/about/marcxml	1006766693.xml
http://d-nb.info/1268740276/about/marcxml	1268740276.xml
http://d-nb.info/982299966/about/marcxml	982299966.xml
http://d-nb.info/983053448/about/marcxml	983053448.xml
http://d-nb.info/1149259590/about/marcxml	1149259590.xml
http://d-nb.info/995178976/about/marcxml	995178976.xml
http://d-nb.info/982242360/about/marcxml	982242360.xml
http://d-nb.info/1005583919/about/marcxml	1005583919.xml
http://d-nb.info/985184183/about/marcxml	985184183.xml
http://d-nb.info/982241585/about/marcxml	982241585.xml
http://d-nb.info/1083850024/about/marcxml	1083850024.xml
http://d-nb.info/982240813/about/marcxml	982240813.xml
http://d-nb.info/982239971/about/marcxml	982239971.xml
http://d-nb.info/983064490/about/marcxml	983064490.xml
http://d-nb.info/1155867602/about/marcxml	1155867602.xml
http://d-nb.info/970638043/about/marcxml	970638043.xml
http://d-nb.info/98224455X/about/marcxml	98224455X.xml
http://d-nb.info/982238576/about/marcxml	982238576.xml
http://d-nb.info/990700240/about/marcxml	990700240.xml
http://d-nb.info/98198567X/about/marcxml	98198567X.xml
http://d-nb.info/981937209/about/marcxml	981937209.xml
http://d-nb.info/1201022665/about/marcxml	1201022665.xml
http://d-nb.info/98223919X/about/marcxml	98223919X.xml
http://d-nb.info/1120526574/about/marcxml	1120526574.xml