https://open-na.hosted.exlibrisgroup.com/alma/972TAU_INST/bf/entity/instance/990004354720304146	990004354720304146.xml
https://open-na.hosted.exlibrisgroup.com/alma/972TAU_INST/bf/entity/instance/990004354800304146	990004354800304146.xml
https://open-na.hosted.exlibrisgroup.com/alma/972TAU_INST/bf/entity/instance/990004354840304146	990004354840304146.xml
https://open-na.hosted.exlibrisgroup.com/alma/972TAU_INST/bf/entity/instance/990004355940304146	990004355940304146.xml
https://open-na.hosted.exlibrisgroup.com/alma/972TAU_INST/bf/entity/instance/990004356980304146	990004356980304146.xml
https://open-na.hosted.exlibrisgroup.com/alma/972TAU_INST/bf/entity/instance/990004358210304146	990004358210304146.xml
https://open-na.hosted.exlibrisgroup.com/alma/972TAU_INST/bf/entity/instance/990004360260304146	990004360260304146.xml
https://open-na.hosted.exlibrisgroup.com/alma/972TAU_INST/bf/entity/instance/990004360320304146	990004360320304146.xml
https://open-na.hosted.exlibrisgroup.com/alma/972TAU_INST/bf/entity/instance/990004361420304146	990004361420304146.xml
https://open-na.hosted.exlibrisgroup.com/alma/972TAU_INST/bf/entity/instance/990004363790304146	990004363790304146.xml
https://open-na.hosted.exlibrisgroup.com/alma/972TAU_INST/bf/entity/instance/990004363940304146	990004363940304146.xml
https://open-na.hosted.exlibrisgroup.com/alma/972TAU_INST/bf/entity/instance/990004364220304146	990004364220304146.xml
https://open-na.hosted.exlibrisgroup.com/alma/972TAU_INST/bf/entity/instance/990004365910304146	990004365910304146.xml
https://open-na.hosted.exlibrisgroup.com/alma/972TAU_INST/bf/entity/instance/990004366400304146	990004366400304146.xml
https://open-na.hosted.exlibrisgroup.com/alma/972TAU_INST/bf/entity/instance/990004366930304146	990004366930304146.xml
https://open-na.hosted.exlibrisgroup.com/alma/972TAU_INST/bf/entity/instance/990004367270304146	990004367270304146.xml
https://open-na.hosted.exlibrisgroup.com/alma/972TAU_INST/bf/entity/instance/990004367530304146	990004367530304146.xml
https://open-na.hosted.exlibrisgroup.com/alma/972TAU_INST/bf/entity/instance/990004369140304146	990004369140304146.xml
https://open-na.hosted.exlibrisgroup.com/alma/972TAU_INST/bf/entity/instance/990004369230304146	990004369230304146.xml
https://open-na.hosted.exlibrisgroup.com/alma/972TAU_INST/bf/entity/instance/990004370210304146	990004370210304146.xml
https://open-na.hosted.exlibrisgroup.com/alma/972TAU_INST/bf/entity/instance/990004370260304146	990004370260304146.xml
https://open-na.hosted.exlibrisgroup.com/alma/972TAU_INST/bf/entity/instance/990004371500304146	990004371500304146.xml
https://open-na.hosted.exlibrisgroup.com/alma/972TAU_INST/bf/entity/instance/990004371860304146	990004371860304146.xml
https://open-na.hosted.exlibrisgroup.com/alma/972TAU_INST/bf/entity/instance/990004373730304146	990004373730304146.xml
https://open-na.hosted.exlibrisgroup.com/alma/972TAU_INST/bf/entity/instance/990004373890304146	990004373890304146.xml
https://open-na.hosted.exlibrisgroup.com/alma/972TAU_INST/bf/entity/instance/990004374170304146	990004374170304146.xml
https://open-na.hosted.exlibrisgroup.com/alma/972TAU_INST/bf/entity/instance/990004374340304146	990004374340304146.xml
https://open-na.hosted.exlibrisgroup.com/alma/972TAU_INST/bf/entity/instance/990004375150304146	990004375150304146.xml
https://open-na.hosted.exlibrisgroup.com/alma/972TAU_INST/bf/entity/instance/990004377020304146	990004377020304146.xml
https://open-na.hosted.exlibrisgroup.com/alma/972TAU_INST/bf/entity/instance/990004377620304146	990004377620304146.xml
https://open-na.hosted.exlibrisgroup.com/alma/972TAU_INST/bf/entity/instance/990004377630304146	990004377630304146.xml
https://open-na.hosted.exlibrisgroup.com/alma/972TAU_INST/bf/entity/instance/990004379080304146	990004379080304146.xml
https://open-na.hosted.exlibrisgroup.com/alma/972TAU_INST/bf/entity/instance/990004379710304146	990004379710304146.xml
https://open-na.hosted.exlibrisgroup.com/alma/972TAU_INST/bf/entity/instance/990004381300304146	990004381300304146.xml
https://open-na.hosted.exlibrisgroup.com/alma/972TAU_INST/bf/entity/instance/990004381820304146	990004381820304146.xml
https://open-na.hosted.exlibrisgroup.com/alma/972TAU_INST/bf/entity/instance/990004382210304146	990004382210304146.xml
https://open-na.hosted.exlibrisgroup.com/alma/972TAU_INST/bf/entity/instance/990004389160304146	990004389160304146.xml
