https://open-na.hosted.exlibrisgroup.com/alma/972TAU_INST/bf/entity/instance/9933343248004146	9933343248004146.xml
https://open-na.hosted.exlibrisgroup.com/alma/972TAU_INST/bf/entity/instance/9933346657704146	9933346657704146.xml
https://open-na.hosted.exlibrisgroup.com/alma/972TAU_INST/bf/entity/instance/9933346658204146	9933346658204146.xml
https://open-na.hosted.exlibrisgroup.com/alma/972TAU_INST/bf/entity/instance/9933346658404146	9933346658404146.xml
https://open-na.hosted.exlibrisgroup.com/alma/972TAU_INST/bf/entity/instance/9933346658504146	9933346658504146.xml
https://open-na.hosted.exlibrisgroup.com/alma/972TAU_INST/bf/entity/instance/9933346660004146	9933346660004146.xml
https://open-na.hosted.exlibrisgroup.com/alma/972TAU_INST/bf/entity/instance/9933346660204146	9933346660204146.xml
https://open-na.hosted.exlibrisgroup.com/alma/972TAU_INST/bf/entity/instance/9933346660404146	9933346660404146.xml
https://open-na.hosted.exlibrisgroup.com/alma/972TAU_INST/bf/entity/instance/9933346660504146	9933346660504146.xml
https://open-na.hosted.exlibrisgroup.com/alma/972TAU_INST/bf/entity/instance/9933346660604146	9933346660604146.xml
https://open-na.hosted.exlibrisgroup.com/alma/972TAU_INST/bf/entity/instance/9933346660704146	9933346660704146.xml
https://open-na.hosted.exlibrisgroup.com/alma/972TAU_INST/bf/entity/instance/9933346660904146	9933346660904146.xml
https://open-na.hosted.exlibrisgroup.com/alma/972TAU_INST/bf/entity/instance/9933346669604146	9933346669604146.xml
https://open-na.hosted.exlibrisgroup.com/alma/972TAU_INST/bf/entity/instance/9933346670204146	9933346670204146.xml
https://open-na.hosted.exlibrisgroup.com/alma/972TAU_INST/bf/entity/instance/9933346670704146	9933346670704146.xml
https://open-na.hosted.exlibrisgroup.com/alma/972TAU_INST/bf/entity/instance/9933346670804146	9933346670804146.xml
https://open-na.hosted.exlibrisgroup.com/alma/972TAU_INST/bf/entity/instance/9933346671304146	9933346671304146.xml
https://open-na.hosted.exlibrisgroup.com/alma/972TAU_INST/bf/entity/instance/9933346672104146	9933346672104146.xml
https://open-na.hosted.exlibrisgroup.com/alma/972TAU_INST/bf/entity/instance/9933347772004146	9933347772004146.xml
https://open-na.hosted.exlibrisgroup.com/alma/972TAU_INST/bf/entity/instance/9933347772204146	9933347772204146.xml
https://open-na.hosted.exlibrisgroup.com/alma/972TAU_INST/bf/entity/instance/9933347772304146	9933347772304146.xml
https://open-na.hosted.exlibrisgroup.com/alma/972TAU_INST/bf/entity/instance/9933347772404146	9933347772404146.xml
https://open-na.hosted.exlibrisgroup.com/alma/972TAU_INST/bf/entity/instance/9933347772604146	9933347772604146.xml
https://open-na.hosted.exlibrisgroup.com/alma/972TAU_INST/bf/entity/instance/9933347772704146	9933347772704146.xml
https://open-na.hosted.exlibrisgroup.com/alma/972TAU_INST/bf/entity/instance/9933348671004146	9933348671004146.xml
https://open-na.hosted.exlibrisgroup.com/alma/972TAU_INST/bf/entity/instance/9933348671104146	9933348671104146.xml
https://open-na.hosted.exlibrisgroup.com/alma/972TAU_INST/bf/entity/instance/9933348671304146	9933348671304146.xml
https://open-na.hosted.exlibrisgroup.com/alma/972TAU_INST/bf/entity/instance/9933348671604146	9933348671604146.xml
https://open-na.hosted.exlibrisgroup.com/alma/972TAU_INST/bf/entity/instance/9933348671804146	9933348671804146.xml
https://open-na.hosted.exlibrisgroup.com/alma/972TAU_INST/bf/entity/instance/9933350771004146	9933350771004146.xml
https://open-na.hosted.exlibrisgroup.com/alma/972TAU_INST/bf/entity/instance/9933350771104146	9933350771104146.xml
https://open-na.hosted.exlibrisgroup.com/alma/972TAU_INST/bf/entity/instance/9933350771304146	9933350771304146.xml
https://open-na.hosted.exlibrisgroup.com/alma/972TAU_INST/bf/entity/instance/9933350771504146	9933350771504146.xml
https://open-na.hosted.exlibrisgroup.com/alma/972TAU_INST/bf/entity/instance/9933350771604146	9933350771604146.xml
https://open-na.hosted.exlibrisgroup.com/alma/972TAU_INST/bf/entity/instance/9933350771704146	9933350771704146.xml
https://open-na.hosted.exlibrisgroup.com/alma/972TAU_INST/bf/entity/instance/9933350771904146	9933350771904146.xml
https://open-na.hosted.exlibrisgroup.com/alma/972TAU_INST/bf/entity/instance/9933350772304146	9933350772304146.xml
https://open-na.hosted.exlibrisgroup.com/alma/972TAU_INST/bf/entity/instance/9933350772604146	9933350772604146.xml
https://open-na.hosted.exlibrisgroup.com/alma/972TAU_INST/bf/entity/instance/9933351371004146	9933351371004146.xml
https://open-na.hosted.exlibrisgroup.com/alma/972TAU_INST/bf/entity/instance/9933351371304146	9933351371304146.xml
https://open-na.hosted.exlibrisgroup.com/alma/972TAU_INST/bf/entity/instance/9933351371404146	9933351371404146.xml
