URL	target-filename
https://open-na.hosted.exlibrisgroup.com/alma/972TAU_INST/bf/entity/instance/9932913089904146	9932913089904146.xml
https://open-na.hosted.exlibrisgroup.com/alma/972TAU_INST/bf/entity/instance/9932913098504146	9932913098504146.xml
https://open-na.hosted.exlibrisgroup.com/alma/972TAU_INST/bf/entity/instance/9932913175204146	9932913175204146.xml
https://open-na.hosted.exlibrisgroup.com/alma/972TAU_INST/bf/entity/instance/9932913176204146	9932913176204146.xml
https://open-na.hosted.exlibrisgroup.com/alma/972TAU_INST/bf/entity/instance/9932914999404146	9932914999404146.xml
https://open-na.hosted.exlibrisgroup.com/alma/972TAU_INST/bf/entity/instance/9932915000204146	9932915000204146.xml
https://open-na.hosted.exlibrisgroup.com/alma/972TAU_INST/bf/entity/instance/9932915099004146	9932915099004146.xml
https://open-na.hosted.exlibrisgroup.com/alma/972TAU_INST/bf/entity/instance/9932915099304146	9932915099304146.xml
https://open-na.hosted.exlibrisgroup.com/alma/972TAU_INST/bf/entity/instance/9932916099004146	9932916099004146.xml
https://open-na.hosted.exlibrisgroup.com/alma/972TAU_INST/bf/entity/instance/9932916399504146	9932916399504146.xml
https://open-na.hosted.exlibrisgroup.com/alma/972TAU_INST/bf/entity/instance/9932917200004146	9932917200004146.xml
https://open-na.hosted.exlibrisgroup.com/alma/972TAU_INST/bf/entity/instance/9932917599804146	9932917599804146.xml
https://open-na.hosted.exlibrisgroup.com/alma/972TAU_INST/bf/entity/instance/9932917798304146	9932917798304146.xml
https://open-na.hosted.exlibrisgroup.com/alma/972TAU_INST/bf/entity/instance/9932917799404146	9932917799404146.xml
https://open-na.hosted.exlibrisgroup.com/alma/972TAU_INST/bf/entity/instance/9932917799504146	9932917799504146.xml
https://open-na.hosted.exlibrisgroup.com/alma/972TAU_INST/bf/entity/instance/9932917800204146	9932917800204146.xml
https://open-na.hosted.exlibrisgroup.com/alma/972TAU_INST/bf/entity/instance/9932918398204146	9932918398204146.xml
https://open-na.hosted.exlibrisgroup.com/alma/972TAU_INST/bf/entity/instance/9932918398304146	9932918398304146.xml
https://open-na.hosted.exlibrisgroup.com/alma/972TAU_INST/bf/entity/instance/9932918398404146	9932918398404146.xml
https://open-na.hosted.exlibrisgroup.com/alma/972TAU_INST/bf/entity/instance/9932918399204146	9932918399204146.xml
https://open-na.hosted.exlibrisgroup.com/alma/972TAU_INST/bf/entity/instance/9932919195204146	9932919195204146.xml
https://open-na.hosted.exlibrisgroup.com/alma/972TAU_INST/bf/entity/instance/9932919195604146	9932919195604146.xml
https://open-na.hosted.exlibrisgroup.com/alma/972TAU_INST/bf/entity/instance/9932919195804146	9932919195804146.xml
https://open-na.hosted.exlibrisgroup.com/alma/972TAU_INST/bf/entity/instance/9932919390304146	9932919390304146.xml
https://open-na.hosted.exlibrisgroup.com/alma/972TAU_INST/bf/entity/instance/9932919499904146	9932919499904146.xml
https://open-na.hosted.exlibrisgroup.com/alma/972TAU_INST/bf/entity/instance/9932919697904146	9932919697904146.xml
https://open-na.hosted.exlibrisgroup.com/alma/972TAU_INST/bf/entity/instance/9932919698404146	9932919698404146.xml
https://open-na.hosted.exlibrisgroup.com/alma/972TAU_INST/bf/entity/instance/9932919700304146	9932919700304146.xml
https://open-na.hosted.exlibrisgroup.com/alma/972TAU_INST/bf/entity/instance/9932919898604146	9932919898604146.xml
https://open-na.hosted.exlibrisgroup.com/alma/972TAU_INST/bf/entity/instance/9932919898704146	9932919898704146.xml
https://open-na.hosted.exlibrisgroup.com/alma/972TAU_INST/bf/entity/instance/9932920197704146	9932920197704146.xml
https://open-na.hosted.exlibrisgroup.com/alma/972TAU_INST/bf/entity/instance/9932920197804146	9932920197804146.xml
https://open-na.hosted.exlibrisgroup.com/alma/972TAU_INST/bf/entity/instance/9932922399404146	9932922399404146.xml
https://open-na.hosted.exlibrisgroup.com/alma/972TAU_INST/bf/entity/instance/9932922997404146	9932922997404146.xml
https://open-na.hosted.exlibrisgroup.com/alma/972TAU_INST/bf/entity/instance/9932922997504146	9932922997504146.xml
https://open-na.hosted.exlibrisgroup.com/alma/972TAU_INST/bf/entity/instance/9932924098404146	9932924098404146.xml
https://open-na.hosted.exlibrisgroup.com/alma/972TAU_INST/bf/entity/instance/9932924298704146	9932924298704146.xml
https://open-na.hosted.exlibrisgroup.com/alma/972TAU_INST/bf/entity/instance/9932924298804146	9932924298804146.xml
https://open-na.hosted.exlibrisgroup.com/alma/972TAU_INST/bf/entity/instance/9932924299104146	9932924299104146.xml
https://open-na.hosted.exlibrisgroup.com/alma/972TAU_INST/bf/entity/instance/9932924492104146	9932924492104146.xml
https://open-na.hosted.exlibrisgroup.com/alma/972TAU_INST/bf/entity/instance/9932924493604146	9932924493604146.xml
https://open-na.hosted.exlibrisgroup.com/alma/972TAU_INST/bf/entity/instance/9932924495504146	9932924495504146.xml
https://open-na.hosted.exlibrisgroup.com/alma/972TAU_INST/bf/entity/instance/9932924495704146	9932924495704146.xml
https://open-na.hosted.exlibrisgroup.com/alma/972TAU_INST/bf/entity/instance/9932924599704146	9932924599704146.xml
https://open-na.hosted.exlibrisgroup.com/alma/972TAU_INST/bf/entity/instance/9932924698704146	9932924698704146.xml
https://open-na.hosted.exlibrisgroup.com/alma/972TAU_INST/bf/entity/instance/9932925698004146	9932925698004146.xml
https://open-na.hosted.exlibrisgroup.com/alma/972TAU_INST/bf/entity/instance/9932925699704146	9932925699704146.xml
https://open-na.hosted.exlibrisgroup.com/alma/972TAU_INST/bf/entity/instance/9932925699904146	9932925699904146.xml
https://open-na.hosted.exlibrisgroup.com/alma/972TAU_INST/bf/entity/instance/9932925789904146	9932925789904146.xml
https://open-na.hosted.exlibrisgroup.com/alma/972TAU_INST/bf/entity/instance/9932925794304146	9932925794304146.xml
https://open-na.hosted.exlibrisgroup.com/alma/972TAU_INST/bf/entity/instance/9932925794704146	9932925794704146.xml
https://open-na.hosted.exlibrisgroup.com/alma/972TAU_INST/bf/entity/instance/9932926097804146	9932926097804146.xml
https://open-na.hosted.exlibrisgroup.com/alma/972TAU_INST/bf/entity/instance/9932926097904146	9932926097904146.xml
https://open-na.hosted.exlibrisgroup.com/alma/972TAU_INST/bf/entity/instance/9932926098104146	9932926098104146.xml
https://open-na.hosted.exlibrisgroup.com/alma/972TAU_INST/bf/entity/instance/9932927700104146	9932927700104146.xml
https://open-na.hosted.exlibrisgroup.com/alma/972TAU_INST/bf/entity/instance/9932929598004146	9932929598004146.xml
https://open-na.hosted.exlibrisgroup.com/alma/972TAU_INST/bf/entity/instance/9932929697704146	9932929697704146.xml
https://open-na.hosted.exlibrisgroup.com/alma/972TAU_INST/bf/entity/instance/9932929698704146	9932929698704146.xml
https://open-na.hosted.exlibrisgroup.com/alma/972TAU_INST/bf/entity/instance/9932929698804146	9932929698804146.xml
https://open-na.hosted.exlibrisgroup.com/alma/972TAU_INST/bf/entity/instance/9932930697104146	9932930697104146.xml
https://open-na.hosted.exlibrisgroup.com/alma/972TAU_INST/bf/entity/instance/9932930698004146	9932930698004146.xml
https://open-na.hosted.exlibrisgroup.com/alma/972TAU_INST/bf/entity/instance/9932930700304146	9932930700304146.xml
https://open-na.hosted.exlibrisgroup.com/alma/972TAU_INST/bf/entity/instance/9932930794504146	9932930794504146.xml
https://open-na.hosted.exlibrisgroup.com/alma/972TAU_INST/bf/entity/instance/9932930794704146	9932930794704146.xml
https://open-na.hosted.exlibrisgroup.com/alma/972TAU_INST/bf/entity/instance/9932930795004146	9932930795004146.xml
https://open-na.hosted.exlibrisgroup.com/alma/972TAU_INST/bf/entity/instance/9932930796104146	9932930796104146.xml
https://open-na.hosted.exlibrisgroup.com/alma/972TAU_INST/bf/entity/instance/9932930796204146	9932930796204146.xml
https://open-na.hosted.exlibrisgroup.com/alma/972TAU_INST/bf/entity/instance/9932930796604146	9932930796604146.xml
https://open-na.hosted.exlibrisgroup.com/alma/972TAU_INST/bf/entity/instance/9932931598704146	9932931598704146.xml
https://open-na.hosted.exlibrisgroup.com/alma/972TAU_INST/bf/entity/instance/9932931599804146	9932931599804146.xml
https://open-na.hosted.exlibrisgroup.com/alma/972TAU_INST/bf/entity/instance/9932934376904146	9932934376904146.xml
https://open-na.hosted.exlibrisgroup.com/alma/972TAU_INST/bf/entity/instance/9932934377204146	9932934377204146.xml
https://open-na.hosted.exlibrisgroup.com/alma/972TAU_INST/bf/entity/instance/9932934589204146	9932934589204146.xml
https://open-na.hosted.exlibrisgroup.com/alma/972TAU_INST/bf/entity/instance/9932935496304146	9932935496304146.xml
https://open-na.hosted.exlibrisgroup.com/alma/972TAU_INST/bf/entity/instance/9932936199604146	9932936199604146.xml
https://open-na.hosted.exlibrisgroup.com/alma/972TAU_INST/bf/entity/instance/9932938593904146	9932938593904146.xml
https://open-na.hosted.exlibrisgroup.com/alma/972TAU_INST/bf/entity/instance/9932938595004146	9932938595004146.xml
https://open-na.hosted.exlibrisgroup.com/alma/972TAU_INST/bf/entity/instance/9932939096604146	9932939096604146.xml
https://open-na.hosted.exlibrisgroup.com/alma/972TAU_INST/bf/entity/instance/9932939099504146	9932939099504146.xml
https://open-na.hosted.exlibrisgroup.com/alma/972TAU_INST/bf/entity/instance/9932939099804146	9932939099804146.xml
https://open-na.hosted.exlibrisgroup.com/alma/972TAU_INST/bf/entity/instance/9932939598704146	9932939598704146.xml
https://open-na.hosted.exlibrisgroup.com/alma/972TAU_INST/bf/entity/instance/9932939598904146	9932939598904146.xml
https://open-na.hosted.exlibrisgroup.com/alma/972TAU_INST/bf/entity/instance/9932939599104146	9932939599104146.xml
https://open-na.hosted.exlibrisgroup.com/alma/972TAU_INST/bf/entity/instance/9932939599204146	9932939599204146.xml
https://open-na.hosted.exlibrisgroup.com/alma/972TAU_INST/bf/entity/instance/9932939799904146	9932939799904146.xml
https://open-na.hosted.exlibrisgroup.com/alma/972TAU_INST/bf/entity/instance/9932939800004146	9932939800004146.xml
https://open-na.hosted.exlibrisgroup.com/alma/972TAU_INST/bf/entity/instance/9932939800104146	9932939800104146.xml
https://open-na.hosted.exlibrisgroup.com/alma/972TAU_INST/bf/entity/instance/9932939800204146	9932939800204146.xml
https://open-na.hosted.exlibrisgroup.com/alma/972TAU_INST/bf/entity/instance/9932940997504146	9932940997504146.xml
https://open-na.hosted.exlibrisgroup.com/alma/972TAU_INST/bf/entity/instance/9932940997704146	9932940997704146.xml
https://open-na.hosted.exlibrisgroup.com/alma/972TAU_INST/bf/entity/instance/9932940998104146	9932940998104146.xml
https://open-na.hosted.exlibrisgroup.com/alma/972TAU_INST/bf/entity/instance/9932941087504146	9932941087504146.xml
https://open-na.hosted.exlibrisgroup.com/alma/972TAU_INST/bf/entity/instance/9932941099604146	9932941099604146.xml
https://open-na.hosted.exlibrisgroup.com/alma/972TAU_INST/bf/entity/instance/9932941397104146	9932941397104146.xml
https://open-na.hosted.exlibrisgroup.com/alma/972TAU_INST/bf/entity/instance/9932941398504146	9932941398504146.xml
https://open-na.hosted.exlibrisgroup.com/alma/972TAU_INST/bf/entity/instance/9932941398604146	9932941398604146.xml
https://open-na.hosted.exlibrisgroup.com/alma/972TAU_INST/bf/entity/instance/9932941399104146	9932941399104146.xml
https://open-na.hosted.exlibrisgroup.com/alma/972TAU_INST/bf/entity/instance/9932941399904146	9932941399904146.xml
https://open-na.hosted.exlibrisgroup.com/alma/972TAU_INST/bf/entity/instance/9932941799704146	9932941799704146.xml
https://open-na.hosted.exlibrisgroup.com/alma/972TAU_INST/bf/entity/instance/9932941800304146	9932941800304146.xml
https://open-na.hosted.exlibrisgroup.com/alma/972TAU_INST/bf/entity/instance/9932942098404146	9932942098404146.xml
https://open-na.hosted.exlibrisgroup.com/alma/972TAU_INST/bf/entity/instance/9932942099104146	9932942099104146.xml
https://open-na.hosted.exlibrisgroup.com/alma/972TAU_INST/bf/entity/instance/9932942195704146	9932942195704146.xml
https://open-na.hosted.exlibrisgroup.com/alma/972TAU_INST/bf/entity/instance/9932942394904146	9932942394904146.xml
https://open-na.hosted.exlibrisgroup.com/alma/972TAU_INST/bf/entity/instance/9932942395304146	9932942395304146.xml
https://open-na.hosted.exlibrisgroup.com/alma/972TAU_INST/bf/entity/instance/9932942496404146	9932942496404146.xml
https://open-na.hosted.exlibrisgroup.com/alma/972TAU_INST/bf/entity/instance/9932942498404146	9932942498404146.xml
https://open-na.hosted.exlibrisgroup.com/alma/972TAU_INST/bf/entity/instance/9932942498504146	9932942498504146.xml
https://open-na.hosted.exlibrisgroup.com/alma/972TAU_INST/bf/entity/instance/9932942498804146	9932942498804146.xml
https://open-na.hosted.exlibrisgroup.com/alma/972TAU_INST/bf/entity/instance/9932942499004146	9932942499004146.xml
https://open-na.hosted.exlibrisgroup.com/alma/972TAU_INST/bf/entity/instance/9932942499904146	9932942499904146.xml
https://open-na.hosted.exlibrisgroup.com/alma/972TAU_INST/bf/entity/instance/9932943300204146	9932943300204146.xml
https://open-na.hosted.exlibrisgroup.com/alma/972TAU_INST/bf/entity/instance/9932944599204146	9932944599204146.xml
https://open-na.hosted.exlibrisgroup.com/alma/972TAU_INST/bf/entity/instance/9932946500104146	9932946500104146.xml
https://open-na.hosted.exlibrisgroup.com/alma/972TAU_INST/bf/entity/instance/9932947196204146	9932947196204146.xml
https://open-na.hosted.exlibrisgroup.com/alma/972TAU_INST/bf/entity/instance/9932947197304146	9932947197304146.xml
https://open-na.hosted.exlibrisgroup.com/alma/972TAU_INST/bf/entity/instance/9932947996604146	9932947996604146.xml
https://open-na.hosted.exlibrisgroup.com/alma/972TAU_INST/bf/entity/instance/9932947996904146	9932947996904146.xml
https://open-na.hosted.exlibrisgroup.com/alma/972TAU_INST/bf/entity/instance/9932948100004146	9932948100004146.xml
https://open-na.hosted.exlibrisgroup.com/alma/972TAU_INST/bf/entity/instance/9932948299304146	9932948299304146.xml
https://open-na.hosted.exlibrisgroup.com/alma/972TAU_INST/bf/entity/instance/9932948594904146	9932948594904146.xml
https://open-na.hosted.exlibrisgroup.com/alma/972TAU_INST/bf/entity/instance/9932948674104146	9932948674104146.xml
https://open-na.hosted.exlibrisgroup.com/alma/972TAU_INST/bf/entity/instance/9932948675504146	9932948675504146.xml
https://open-na.hosted.exlibrisgroup.com/alma/972TAU_INST/bf/entity/instance/9932948789504146	9932948789504146.xml
https://open-na.hosted.exlibrisgroup.com/alma/972TAU_INST/bf/entity/instance/9932948795404146	9932948795404146.xml
https://open-na.hosted.exlibrisgroup.com/alma/972TAU_INST/bf/entity/instance/9932948795604146	9932948795604146.xml
https://open-na.hosted.exlibrisgroup.com/alma/972TAU_INST/bf/entity/instance/9932948796304146	9932948796304146.xml
https://open-na.hosted.exlibrisgroup.com/alma/972TAU_INST/bf/entity/instance/9932948796704146	9932948796704146.xml
https://open-na.hosted.exlibrisgroup.com/alma/972TAU_INST/bf/entity/instance/9932948981604146	9932948981604146.xml
https://open-na.hosted.exlibrisgroup.com/alma/972TAU_INST/bf/entity/instance/9932949297004146	9932949297004146.xml
https://open-na.hosted.exlibrisgroup.com/alma/972TAU_INST/bf/entity/instance/9932950899704146	9932950899704146.xml
https://open-na.hosted.exlibrisgroup.com/alma/972TAU_INST/bf/entity/instance/9932950899804146	9932950899804146.xml
https://open-na.hosted.exlibrisgroup.com/alma/972TAU_INST/bf/entity/instance/9932951599904146	9932951599904146.xml
https://open-na.hosted.exlibrisgroup.com/alma/972TAU_INST/bf/entity/instance/9932952097904146	9932952097904146.xml
https://open-na.hosted.exlibrisgroup.com/alma/972TAU_INST/bf/entity/instance/9932952599104146	9932952599104146.xml
https://open-na.hosted.exlibrisgroup.com/alma/972TAU_INST/bf/entity/instance/9932952872904146	9932952872904146.xml
https://open-na.hosted.exlibrisgroup.com/alma/972TAU_INST/bf/entity/instance/9932953193004146	9932953193004146.xml
https://open-na.hosted.exlibrisgroup.com/alma/972TAU_INST/bf/entity/instance/9932953387804146	9932953387804146.xml
https://open-na.hosted.exlibrisgroup.com/alma/972TAU_INST/bf/entity/instance/9932953388504146	9932953388504146.xml
https://open-na.hosted.exlibrisgroup.com/alma/972TAU_INST/bf/entity/instance/9932953496404146	9932953496404146.xml
https://open-na.hosted.exlibrisgroup.com/alma/972TAU_INST/bf/entity/instance/9932955795504146	9932955795504146.xml
https://open-na.hosted.exlibrisgroup.com/alma/972TAU_INST/bf/entity/instance/9932957790204146	9932957790204146.xml
https://open-na.hosted.exlibrisgroup.com/alma/972TAU_INST/bf/entity/instance/9932957993904146	9932957993904146.xml
https://open-na.hosted.exlibrisgroup.com/alma/972TAU_INST/bf/entity/instance/9932958095304146	9932958095304146.xml
https://open-na.hosted.exlibrisgroup.com/alma/972TAU_INST/bf/entity/instance/9932958593804146	9932958593804146.xml
https://open-na.hosted.exlibrisgroup.com/alma/972TAU_INST/bf/entity/instance/9932958593904146	9932958593904146.xml
https://open-na.hosted.exlibrisgroup.com/alma/972TAU_INST/bf/entity/instance/9932958594004146	9932958594004146.xml
https://open-na.hosted.exlibrisgroup.com/alma/972TAU_INST/bf/entity/instance/9932958594904146	9932958594904146.xml
https://open-na.hosted.exlibrisgroup.com/alma/972TAU_INST/bf/entity/instance/9932958595104146	9932958595104146.xml
https://open-na.hosted.exlibrisgroup.com/alma/972TAU_INST/bf/entity/instance/9932958596104146	9932958596104146.xml
https://open-na.hosted.exlibrisgroup.com/alma/972TAU_INST/bf/entity/instance/9932958597904146	9932958597904146.xml
https://open-na.hosted.exlibrisgroup.com/alma/972TAU_INST/bf/entity/instance/9932958900304146	9932958900304146.xml
https://open-na.hosted.exlibrisgroup.com/alma/972TAU_INST/bf/entity/instance/9932958999204146	9932958999204146.xml
https://open-na.hosted.exlibrisgroup.com/alma/972TAU_INST/bf/entity/instance/9932958999504146	9932958999504146.xml
https://open-na.hosted.exlibrisgroup.com/alma/972TAU_INST/bf/entity/instance/9932959498404146	9932959498404146.xml
https://open-na.hosted.exlibrisgroup.com/alma/972TAU_INST/bf/entity/instance/9932959798704146	9932959798704146.xml
https://open-na.hosted.exlibrisgroup.com/alma/972TAU_INST/bf/entity/instance/9932959799504146	9932959799504146.xml
https://open-na.hosted.exlibrisgroup.com/alma/972TAU_INST/bf/entity/instance/9932960182904146	9932960182904146.xml
https://open-na.hosted.exlibrisgroup.com/alma/972TAU_INST/bf/entity/instance/9932961689304146	9932961689304146.xml
https://open-na.hosted.exlibrisgroup.com/alma/972TAU_INST/bf/entity/instance/9932961689904146	9932961689904146.xml
https://open-na.hosted.exlibrisgroup.com/alma/972TAU_INST/bf/entity/instance/9932961690104146	9932961690104146.xml
https://open-na.hosted.exlibrisgroup.com/alma/972TAU_INST/bf/entity/instance/9932961793504146	9932961793504146.xml
https://open-na.hosted.exlibrisgroup.com/alma/972TAU_INST/bf/entity/instance/9932961999404146	9932961999404146.xml
https://open-na.hosted.exlibrisgroup.com/alma/972TAU_INST/bf/entity/instance/9932961999804146	9932961999804146.xml
https://open-na.hosted.exlibrisgroup.com/alma/972TAU_INST/bf/entity/instance/9932962095804146	9932962095804146.xml
https://open-na.hosted.exlibrisgroup.com/alma/972TAU_INST/bf/entity/instance/9932962096204146	9932962096204146.xml
https://open-na.hosted.exlibrisgroup.com/alma/972TAU_INST/bf/entity/instance/9932962799004146	9932962799004146.xml
https://open-na.hosted.exlibrisgroup.com/alma/972TAU_INST/bf/entity/instance/9932962800204146	9932962800204146.xml
https://open-na.hosted.exlibrisgroup.com/alma/972TAU_INST/bf/entity/instance/9932964499904146	9932964499904146.xml
https://open-na.hosted.exlibrisgroup.com/alma/972TAU_INST/bf/entity/instance/9932964500004146	9932964500004146.xml
https://open-na.hosted.exlibrisgroup.com/alma/972TAU_INST/bf/entity/instance/9932964500204146	9932964500204146.xml
https://open-na.hosted.exlibrisgroup.com/alma/972TAU_INST/bf/entity/instance/9932964998404146	9932964998404146.xml
https://open-na.hosted.exlibrisgroup.com/alma/972TAU_INST/bf/entity/instance/9932965193304146	9932965193304146.xml
https://open-na.hosted.exlibrisgroup.com/alma/972TAU_INST/bf/entity/instance/9932965194304146	9932965194304146.xml
https://open-na.hosted.exlibrisgroup.com/alma/972TAU_INST/bf/entity/instance/9932965194704146	9932965194704146.xml
https://open-na.hosted.exlibrisgroup.com/alma/972TAU_INST/bf/entity/instance/9932965196804146	9932965196804146.xml
https://open-na.hosted.exlibrisgroup.com/alma/972TAU_INST/bf/entity/instance/9932965697104146	9932965697104146.xml
https://open-na.hosted.exlibrisgroup.com/alma/972TAU_INST/bf/entity/instance/9932965698504146	9932965698504146.xml
https://open-na.hosted.exlibrisgroup.com/alma/972TAU_INST/bf/entity/instance/9932966098004146	9932966098004146.xml
https://open-na.hosted.exlibrisgroup.com/alma/972TAU_INST/bf/entity/instance/9932966568304146	9932966568304146.xml
https://open-na.hosted.exlibrisgroup.com/alma/972TAU_INST/bf/entity/instance/9932966984204146	9932966984204146.xml
https://open-na.hosted.exlibrisgroup.com/alma/972TAU_INST/bf/entity/instance/9932966985604146	9932966985604146.xml
https://open-na.hosted.exlibrisgroup.com/alma/972TAU_INST/bf/entity/instance/9932966985704146	9932966985704146.xml
https://open-na.hosted.exlibrisgroup.com/alma/972TAU_INST/bf/entity/instance/9932967096804146	9932967096804146.xml
https://open-na.hosted.exlibrisgroup.com/alma/972TAU_INST/bf/entity/instance/9932967185704146	9932967185704146.xml
https://open-na.hosted.exlibrisgroup.com/alma/972TAU_INST/bf/entity/instance/9932967194304146	9932967194304146.xml
https://open-na.hosted.exlibrisgroup.com/alma/972TAU_INST/bf/entity/instance/9932967194404146	9932967194404146.xml
https://open-na.hosted.exlibrisgroup.com/alma/972TAU_INST/bf/entity/instance/9932967195204146	9932967195204146.xml
https://open-na.hosted.exlibrisgroup.com/alma/972TAU_INST/bf/entity/instance/9932967195404146	9932967195404146.xml
https://open-na.hosted.exlibrisgroup.com/alma/972TAU_INST/bf/entity/instance/9932967199704146	9932967199704146.xml
https://open-na.hosted.exlibrisgroup.com/alma/972TAU_INST/bf/entity/instance/9932967199804146	9932967199804146.xml
https://open-na.hosted.exlibrisgroup.com/alma/972TAU_INST/bf/entity/instance/9932967200304146	9932967200304146.xml
https://open-na.hosted.exlibrisgroup.com/alma/972TAU_INST/bf/entity/instance/9932970697204146	9932970697204146.xml
https://open-na.hosted.exlibrisgroup.com/alma/972TAU_INST/bf/entity/instance/9932970698404146	9932970698404146.xml
https://open-na.hosted.exlibrisgroup.com/alma/972TAU_INST/bf/entity/instance/9932974900304146	9932974900304146.xml
https://open-na.hosted.exlibrisgroup.com/alma/972TAU_INST/bf/entity/instance/9932978263104146	9932978263104146.xml
https://open-na.hosted.exlibrisgroup.com/alma/972TAU_INST/bf/entity/instance/9932978263404146	9932978263404146.xml
https://open-na.hosted.exlibrisgroup.com/alma/972TAU_INST/bf/entity/instance/9932978263804146	9932978263804146.xml
https://open-na.hosted.exlibrisgroup.com/alma/972TAU_INST/bf/entity/instance/9932978267204146	9932978267204146.xml
https://open-na.hosted.exlibrisgroup.com/alma/972TAU_INST/bf/entity/instance/9932978267304146	9932978267304146.xml
https://open-na.hosted.exlibrisgroup.com/alma/972TAU_INST/bf/entity/instance/9932978267804146	9932978267804146.xml
https://open-na.hosted.exlibrisgroup.com/alma/972TAU_INST/bf/entity/instance/9932978267904146	9932978267904146.xml
https://open-na.hosted.exlibrisgroup.com/alma/972TAU_INST/bf/entity/instance/9932978374704146	9932978374704146.xml
https://open-na.hosted.exlibrisgroup.com/alma/972TAU_INST/bf/entity/instance/9932978474804146	9932978474804146.xml
https://open-na.hosted.exlibrisgroup.com/alma/972TAU_INST/bf/entity/instance/9932978475004146	9932978475004146.xml
https://open-na.hosted.exlibrisgroup.com/alma/972TAU_INST/bf/entity/instance/9932978475804146	9932978475804146.xml
https://open-na.hosted.exlibrisgroup.com/alma/972TAU_INST/bf/entity/instance/9932978476004146	9932978476004146.xml
https://open-na.hosted.exlibrisgroup.com/alma/972TAU_INST/bf/entity/instance/9932978791304146	9932978791304146.xml
https://open-na.hosted.exlibrisgroup.com/alma/972TAU_INST/bf/entity/instance/9932978791704146	9932978791704146.xml
https://open-na.hosted.exlibrisgroup.com/alma/972TAU_INST/bf/entity/instance/9932978791804146	9932978791804146.xml
https://open-na.hosted.exlibrisgroup.com/alma/972TAU_INST/bf/entity/instance/9932978973704146	9932978973704146.xml
https://open-na.hosted.exlibrisgroup.com/alma/972TAU_INST/bf/entity/instance/9932978975204146	9932978975204146.xml
https://open-na.hosted.exlibrisgroup.com/alma/972TAU_INST/bf/entity/instance/9932978976004146	9932978976004146.xml
https://open-na.hosted.exlibrisgroup.com/alma/972TAU_INST/bf/entity/instance/9932978976604146	9932978976604146.xml
https://open-na.hosted.exlibrisgroup.com/alma/972TAU_INST/bf/entity/instance/9932978976804146	9932978976804146.xml
https://open-na.hosted.exlibrisgroup.com/alma/972TAU_INST/bf/entity/instance/9932978977004146	9932978977004146.xml
https://open-na.hosted.exlibrisgroup.com/alma/972TAU_INST/bf/entity/instance/9932981398804146	9932981398804146.xml
https://open-na.hosted.exlibrisgroup.com/alma/972TAU_INST/bf/entity/instance/9932981399004146	9932981399004146.xml
https://open-na.hosted.exlibrisgroup.com/alma/972TAU_INST/bf/entity/instance/9932981399204146	9932981399204146.xml
https://open-na.hosted.exlibrisgroup.com/alma/972TAU_INST/bf/entity/instance/9932981399504146	9932981399504146.xml
https://open-na.hosted.exlibrisgroup.com/alma/972TAU_INST/bf/entity/instance/9932981400204146	9932981400204146.xml
https://open-na.hosted.exlibrisgroup.com/alma/972TAU_INST/bf/entity/instance/9932982799104146	9932982799104146.xml
https://open-na.hosted.exlibrisgroup.com/alma/972TAU_INST/bf/entity/instance/9932982799604146	9932982799604146.xml
https://open-na.hosted.exlibrisgroup.com/alma/972TAU_INST/bf/entity/instance/9932982800004146	9932982800004146.xml
https://open-na.hosted.exlibrisgroup.com/alma/972TAU_INST/bf/entity/instance/9932982890504146	9932982890504146.xml
https://open-na.hosted.exlibrisgroup.com/alma/972TAU_INST/bf/entity/instance/9932982892704146	9932982892704146.xml
https://open-na.hosted.exlibrisgroup.com/alma/972TAU_INST/bf/entity/instance/9932983097104146	9932983097104146.xml
https://open-na.hosted.exlibrisgroup.com/alma/972TAU_INST/bf/entity/instance/9932983097804146	9932983097804146.xml
https://open-na.hosted.exlibrisgroup.com/alma/972TAU_INST/bf/entity/instance/9932983098204146	9932983098204146.xml
https://open-na.hosted.exlibrisgroup.com/alma/972TAU_INST/bf/entity/instance/9932983098304146	9932983098304146.xml
https://open-na.hosted.exlibrisgroup.com/alma/972TAU_INST/bf/entity/instance/9932983098504146	9932983098504146.xml
https://open-na.hosted.exlibrisgroup.com/alma/972TAU_INST/bf/entity/instance/9932983098904146	9932983098904146.xml
https://open-na.hosted.exlibrisgroup.com/alma/972TAU_INST/bf/entity/instance/9932984399404146	9932984399404146.xml
https://open-na.hosted.exlibrisgroup.com/alma/972TAU_INST/bf/entity/instance/9932984684304146	9932984684304146.xml
https://open-na.hosted.exlibrisgroup.com/alma/972TAU_INST/bf/entity/instance/9932984687204146	9932984687204146.xml
https://open-na.hosted.exlibrisgroup.com/alma/972TAU_INST/bf/entity/instance/9932984687304146	9932984687304146.xml
https://open-na.hosted.exlibrisgroup.com/alma/972TAU_INST/bf/entity/instance/9932984687504146	9932984687504146.xml
https://open-na.hosted.exlibrisgroup.com/alma/972TAU_INST/bf/entity/instance/9932984699204146	9932984699204146.xml
https://open-na.hosted.exlibrisgroup.com/alma/972TAU_INST/bf/entity/instance/9932984699804146	9932984699804146.xml
https://open-na.hosted.exlibrisgroup.com/alma/972TAU_INST/bf/entity/instance/9932984785004146	9932984785004146.xml
https://open-na.hosted.exlibrisgroup.com/alma/972TAU_INST/bf/entity/instance/9932984785104146	9932984785104146.xml
https://open-na.hosted.exlibrisgroup.com/alma/972TAU_INST/bf/entity/instance/9932984785204146	9932984785204146.xml
https://open-na.hosted.exlibrisgroup.com/alma/972TAU_INST/bf/entity/instance/9932984785304146	9932984785304146.xml
https://open-na.hosted.exlibrisgroup.com/alma/972TAU_INST/bf/entity/instance/9932984897304146	9932984897304146.xml
https://open-na.hosted.exlibrisgroup.com/alma/972TAU_INST/bf/entity/instance/9932984897404146	9932984897404146.xml
https://open-na.hosted.exlibrisgroup.com/alma/972TAU_INST/bf/entity/instance/9932984996104146	9932984996104146.xml
https://open-na.hosted.exlibrisgroup.com/alma/972TAU_INST/bf/entity/instance/9932984996204146	9932984996204146.xml
https://open-na.hosted.exlibrisgroup.com/alma/972TAU_INST/bf/entity/instance/9932984996304146	9932984996304146.xml
https://open-na.hosted.exlibrisgroup.com/alma/972TAU_INST/bf/entity/instance/9932984996604146	9932984996604146.xml
https://open-na.hosted.exlibrisgroup.com/alma/972TAU_INST/bf/entity/instance/9932985089604146	9932985089604146.xml
https://open-na.hosted.exlibrisgroup.com/alma/972TAU_INST/bf/entity/instance/9932985089904146	9932985089904146.xml
https://open-na.hosted.exlibrisgroup.com/alma/972TAU_INST/bf/entity/instance/9932985096404146	9932985096404146.xml
https://open-na.hosted.exlibrisgroup.com/alma/972TAU_INST/bf/entity/instance/9932985099004146	9932985099004146.xml
https://open-na.hosted.exlibrisgroup.com/alma/972TAU_INST/bf/entity/instance/9932993100204146	9932993100204146.xml
https://open-na.hosted.exlibrisgroup.com/alma/972TAU_INST/bf/entity/instance/9932993898604146	9932993898604146.xml
https://open-na.hosted.exlibrisgroup.com/alma/972TAU_INST/bf/entity/instance/9932993898804146	9932993898804146.xml
https://open-na.hosted.exlibrisgroup.com/alma/972TAU_INST/bf/entity/instance/9932994798204146	9932994798204146.xml
https://open-na.hosted.exlibrisgroup.com/alma/972TAU_INST/bf/entity/instance/9932994798604146	9932994798604146.xml
https://open-na.hosted.exlibrisgroup.com/alma/972TAU_INST/bf/entity/instance/9932994799004146	9932994799004146.xml
https://open-na.hosted.exlibrisgroup.com/alma/972TAU_INST/bf/entity/instance/9932995491204146	9932995491204146.xml
https://open-na.hosted.exlibrisgroup.com/alma/972TAU_INST/bf/entity/instance/9932995492604146	9932995492604146.xml
https://open-na.hosted.exlibrisgroup.com/alma/972TAU_INST/bf/entity/instance/9932995596904146	9932995596904146.xml
https://open-na.hosted.exlibrisgroup.com/alma/972TAU_INST/bf/entity/instance/9932995597704146	9932995597704146.xml
https://open-na.hosted.exlibrisgroup.com/alma/972TAU_INST/bf/entity/instance/9932995597804146	9932995597804146.xml
https://open-na.hosted.exlibrisgroup.com/alma/972TAU_INST/bf/entity/instance/9932995690104146	9932995690104146.xml
https://open-na.hosted.exlibrisgroup.com/alma/972TAU_INST/bf/entity/instance/9932995691404146	9932995691404146.xml
https://open-na.hosted.exlibrisgroup.com/alma/972TAU_INST/bf/entity/instance/9932995790304146	9932995790304146.xml
https://open-na.hosted.exlibrisgroup.com/alma/972TAU_INST/bf/entity/instance/9932995899404146	9932995899404146.xml
https://open-na.hosted.exlibrisgroup.com/alma/972TAU_INST/bf/entity/instance/9932995900004146	9932995900004146.xml
https://open-na.hosted.exlibrisgroup.com/alma/972TAU_INST/bf/entity/instance/9932998793704146	9932998793704146.xml
https://open-na.hosted.exlibrisgroup.com/alma/972TAU_INST/bf/entity/instance/9932998793904146	9932998793904146.xml
https://open-na.hosted.exlibrisgroup.com/alma/972TAU_INST/bf/entity/instance/9932998799404146	9932998799404146.xml
https://open-na.hosted.exlibrisgroup.com/alma/972TAU_INST/bf/entity/instance/9932998799604146	9932998799604146.xml
https://open-na.hosted.exlibrisgroup.com/alma/972TAU_INST/bf/entity/instance/9932998800004146	9932998800004146.xml
https://open-na.hosted.exlibrisgroup.com/alma/972TAU_INST/bf/entity/instance/9932999297104146	9932999297104146.xml
https://open-na.hosted.exlibrisgroup.com/alma/972TAU_INST/bf/entity/instance/9933000600104146	9933000600104146.xml
https://open-na.hosted.exlibrisgroup.com/alma/972TAU_INST/bf/entity/instance/9933001199604146	9933001199604146.xml
https://open-na.hosted.exlibrisgroup.com/alma/972TAU_INST/bf/entity/instance/9933001200004146	9933001200004146.xml
https://open-na.hosted.exlibrisgroup.com/alma/972TAU_INST/bf/entity/instance/9933002599404146	9933002599404146.xml
https://open-na.hosted.exlibrisgroup.com/alma/972TAU_INST/bf/entity/instance/9933002798504146	9933002798504146.xml
https://open-na.hosted.exlibrisgroup.com/alma/972TAU_INST/bf/entity/instance/9933002799004146	9933002799004146.xml
https://open-na.hosted.exlibrisgroup.com/alma/972TAU_INST/bf/entity/instance/9933040097004146	9933040097004146.xml
https://open-na.hosted.exlibrisgroup.com/alma/972TAU_INST/bf/entity/instance/990004710320304146	990004710320304146.xml
https://open-na.hosted.exlibrisgroup.com/alma/972TAU_INST/bf/entity/instance/990004711160304146	990004711160304146.xml
https://open-na.hosted.exlibrisgroup.com/alma/972TAU_INST/bf/entity/instance/990004711180304146	990004711180304146.xml
https://open-na.hosted.exlibrisgroup.com/alma/972TAU_INST/bf/entity/instance/990004712660304146	990004712660304146.xml
https://open-na.hosted.exlibrisgroup.com/alma/972TAU_INST/bf/entity/instance/990004713430304146	990004713430304146.xml
https://open-na.hosted.exlibrisgroup.com/alma/972TAU_INST/bf/entity/instance/990004714570304146	990004714570304146.xml
https://open-na.hosted.exlibrisgroup.com/alma/972TAU_INST/bf/entity/instance/990004718660304146	990004718660304146.xml
https://open-na.hosted.exlibrisgroup.com/alma/972TAU_INST/bf/entity/instance/990004720910304146	990004720910304146.xml
https://open-na.hosted.exlibrisgroup.com/alma/972TAU_INST/bf/entity/instance/990004720930304146	990004720930304146.xml
https://open-na.hosted.exlibrisgroup.com/alma/972TAU_INST/bf/entity/instance/990004722680304146	990004722680304146.xml
https://open-na.hosted.exlibrisgroup.com/alma/972TAU_INST/bf/entity/instance/990004724960304146	990004724960304146.xml
https://open-na.hosted.exlibrisgroup.com/alma/972TAU_INST/bf/entity/instance/990004725310304146	990004725310304146.xml
https://open-na.hosted.exlibrisgroup.com/alma/972TAU_INST/bf/entity/instance/990004725390304146	990004725390304146.xml
https://open-na.hosted.exlibrisgroup.com/alma/972TAU_INST/bf/entity/instance/990004725400304146	990004725400304146.xml
https://open-na.hosted.exlibrisgroup.com/alma/972TAU_INST/bf/entity/instance/990004727070304146	990004727070304146.xml
https://open-na.hosted.exlibrisgroup.com/alma/972TAU_INST/bf/entity/instance/990004728060304146	990004728060304146.xml
https://open-na.hosted.exlibrisgroup.com/alma/972TAU_INST/bf/entity/instance/990004729650304146	990004729650304146.xml
https://open-na.hosted.exlibrisgroup.com/alma/972TAU_INST/bf/entity/instance/990004729680304146	990004729680304146.xml
https://open-na.hosted.exlibrisgroup.com/alma/972TAU_INST/bf/entity/instance/990004730090304146	990004730090304146.xml
https://open-na.hosted.exlibrisgroup.com/alma/972TAU_INST/bf/entity/instance/990004730120304146	990004730120304146.xml
https://open-na.hosted.exlibrisgroup.com/alma/972TAU_INST/bf/entity/instance/990004730990304146	990004730990304146.xml
https://open-na.hosted.exlibrisgroup.com/alma/972TAU_INST/bf/entity/instance/990004731040304146	990004731040304146.xml
https://open-na.hosted.exlibrisgroup.com/alma/972TAU_INST/bf/entity/instance/990004731910304146	990004731910304146.xml
https://open-na.hosted.exlibrisgroup.com/alma/972TAU_INST/bf/entity/instance/990004731950304146	990004731950304146.xml
https://open-na.hosted.exlibrisgroup.com/alma/972TAU_INST/bf/entity/instance/990004731970304146	990004731970304146.xml
https://open-na.hosted.exlibrisgroup.com/alma/972TAU_INST/bf/entity/instance/990004732120304146	990004732120304146.xml
https://open-na.hosted.exlibrisgroup.com/alma/972TAU_INST/bf/entity/instance/990004732210304146	990004732210304146.xml
https://open-na.hosted.exlibrisgroup.com/alma/972TAU_INST/bf/entity/instance/990004734600304146	990004734600304146.xml
https://open-na.hosted.exlibrisgroup.com/alma/972TAU_INST/bf/entity/instance/990004734630304146	990004734630304146.xml
https://open-na.hosted.exlibrisgroup.com/alma/972TAU_INST/bf/entity/instance/990004734670304146	990004734670304146.xml
https://open-na.hosted.exlibrisgroup.com/alma/972TAU_INST/bf/entity/instance/990004734750304146	990004734750304146.xml
https://open-na.hosted.exlibrisgroup.com/alma/972TAU_INST/bf/entity/instance/990004735280304146	990004735280304146.xml
https://open-na.hosted.exlibrisgroup.com/alma/972TAU_INST/bf/entity/instance/990004735510304146	990004735510304146.xml
https://open-na.hosted.exlibrisgroup.com/alma/972TAU_INST/bf/entity/instance/990004735760304146	990004735760304146.xml
https://open-na.hosted.exlibrisgroup.com/alma/972TAU_INST/bf/entity/instance/990004737340304146	990004737340304146.xml
https://open-na.hosted.exlibrisgroup.com/alma/972TAU_INST/bf/entity/instance/990004737360304146	990004737360304146.xml
https://open-na.hosted.exlibrisgroup.com/alma/972TAU_INST/bf/entity/instance/990004737680304146	990004737680304146.xml
https://open-na.hosted.exlibrisgroup.com/alma/972TAU_INST/bf/entity/instance/990004737700304146	990004737700304146.xml
https://open-na.hosted.exlibrisgroup.com/alma/972TAU_INST/bf/entity/instance/990004738420304146	990004738420304146.xml
https://open-na.hosted.exlibrisgroup.com/alma/972TAU_INST/bf/entity/instance/990004738860304146	990004738860304146.xml
https://open-na.hosted.exlibrisgroup.com/alma/972TAU_INST/bf/entity/instance/990004738920304146	990004738920304146.xml
https://open-na.hosted.exlibrisgroup.com/alma/972TAU_INST/bf/entity/instance/990004738930304146	990004738930304146.xml
https://open-na.hosted.exlibrisgroup.com/alma/972TAU_INST/bf/entity/instance/990004739000304146	990004739000304146.xml
https://open-na.hosted.exlibrisgroup.com/alma/972TAU_INST/bf/entity/instance/990004740490304146	990004740490304146.xml
https://open-na.hosted.exlibrisgroup.com/alma/972TAU_INST/bf/entity/instance/990004740500304146	990004740500304146.xml
https://open-na.hosted.exlibrisgroup.com/alma/972TAU_INST/bf/entity/instance/990004740540304146	990004740540304146.xml
https://open-na.hosted.exlibrisgroup.com/alma/972TAU_INST/bf/entity/instance/990004740590304146	990004740590304146.xml
https://open-na.hosted.exlibrisgroup.com/alma/972TAU_INST/bf/entity/instance/990004740600304146	990004740600304146.xml
https://open-na.hosted.exlibrisgroup.com/alma/972TAU_INST/bf/entity/instance/990004741530304146	990004741530304146.xml
https://open-na.hosted.exlibrisgroup.com/alma/972TAU_INST/bf/entity/instance/990004741580304146	990004741580304146.xml
https://open-na.hosted.exlibrisgroup.com/alma/972TAU_INST/bf/entity/instance/990004743280304146	990004743280304146.xml
https://open-na.hosted.exlibrisgroup.com/alma/972TAU_INST/bf/entity/instance/990004743530304146	990004743530304146.xml
https://open-na.hosted.exlibrisgroup.com/alma/972TAU_INST/bf/entity/instance/990004743650304146	990004743650304146.xml
https://open-na.hosted.exlibrisgroup.com/alma/972TAU_INST/bf/entity/instance/990004743730304146	990004743730304146.xml
https://open-na.hosted.exlibrisgroup.com/alma/972TAU_INST/bf/entity/instance/990004743790304146	990004743790304146.xml
https://open-na.hosted.exlibrisgroup.com/alma/972TAU_INST/bf/entity/instance/990004743970304146	990004743970304146.xml
https://open-na.hosted.exlibrisgroup.com/alma/972TAU_INST/bf/entity/instance/990004743980304146	990004743980304146.xml
https://open-na.hosted.exlibrisgroup.com/alma/972TAU_INST/bf/entity/instance/990004745200304146	990004745200304146.xml
https://open-na.hosted.exlibrisgroup.com/alma/972TAU_INST/bf/entity/instance/990004745250304146	990004745250304146.xml
https://open-na.hosted.exlibrisgroup.com/alma/972TAU_INST/bf/entity/instance/990004748060304146	990004748060304146.xml
https://open-na.hosted.exlibrisgroup.com/alma/972TAU_INST/bf/entity/instance/990004748090304146	990004748090304146.xml
https://open-na.hosted.exlibrisgroup.com/alma/972TAU_INST/bf/entity/instance/990004748250304146	990004748250304146.xml
https://open-na.hosted.exlibrisgroup.com/alma/972TAU_INST/bf/entity/instance/990004748440304146	990004748440304146.xml
https://open-na.hosted.exlibrisgroup.com/alma/972TAU_INST/bf/entity/instance/990004750330304146	990004750330304146.xml
https://open-na.hosted.exlibrisgroup.com/alma/972TAU_INST/bf/entity/instance/990004753280304146	990004753280304146.xml
https://open-na.hosted.exlibrisgroup.com/alma/972TAU_INST/bf/entity/instance/990004753320304146	990004753320304146.xml
https://open-na.hosted.exlibrisgroup.com/alma/972TAU_INST/bf/entity/instance/990004753390304146	990004753390304146.xml
https://open-na.hosted.exlibrisgroup.com/alma/972TAU_INST/bf/entity/instance/990004755820304146	990004755820304146.xml
https://open-na.hosted.exlibrisgroup.com/alma/972TAU_INST/bf/entity/instance/990004758740304146	990004758740304146.xml
https://open-na.hosted.exlibrisgroup.com/alma/972TAU_INST/bf/entity/instance/990004759380304146	990004759380304146.xml
https://open-na.hosted.exlibrisgroup.com/alma/972TAU_INST/bf/entity/instance/990004759420304146	990004759420304146.xml
https://open-na.hosted.exlibrisgroup.com/alma/972TAU_INST/bf/entity/instance/990004759440304146	990004759440304146.xml
https://open-na.hosted.exlibrisgroup.com/alma/972TAU_INST/bf/entity/instance/990004760620304146	990004760620304146.xml
https://open-na.hosted.exlibrisgroup.com/alma/972TAU_INST/bf/entity/instance/990004760850304146	990004760850304146.xml
https://open-na.hosted.exlibrisgroup.com/alma/972TAU_INST/bf/entity/instance/990004765940304146	990004765940304146.xml
https://open-na.hosted.exlibrisgroup.com/alma/972TAU_INST/bf/entity/instance/990004766070304146	990004766070304146.xml
https://open-na.hosted.exlibrisgroup.com/alma/972TAU_INST/bf/entity/instance/990004766120304146	990004766120304146.xml
https://open-na.hosted.exlibrisgroup.com/alma/972TAU_INST/bf/entity/instance/990004766180304146	990004766180304146.xml
https://open-na.hosted.exlibrisgroup.com/alma/972TAU_INST/bf/entity/instance/990004766230304146	990004766230304146.xml
https://open-na.hosted.exlibrisgroup.com/alma/972TAU_INST/bf/entity/instance/990004766260304146	990004766260304146.xml
https://open-na.hosted.exlibrisgroup.com/alma/972TAU_INST/bf/entity/instance/990004766790304146	990004766790304146.xml
https://open-na.hosted.exlibrisgroup.com/alma/972TAU_INST/bf/entity/instance/990004766840304146	990004766840304146.xml
https://open-na.hosted.exlibrisgroup.com/alma/972TAU_INST/bf/entity/instance/990004767140304146	990004767140304146.xml
https://open-na.hosted.exlibrisgroup.com/alma/972TAU_INST/bf/entity/instance/990004772420304146	990004772420304146.xml
https://open-na.hosted.exlibrisgroup.com/alma/972TAU_INST/bf/entity/instance/990004777930304146	990004777930304146.xml
https://open-na.hosted.exlibrisgroup.com/alma/972TAU_INST/bf/entity/instance/990004777960304146	990004777960304146.xml
https://open-na.hosted.exlibrisgroup.com/alma/972TAU_INST/bf/entity/instance/990004778250304146	990004778250304146.xml
https://open-na.hosted.exlibrisgroup.com/alma/972TAU_INST/bf/entity/instance/990004778300304146	990004778300304146.xml
https://open-na.hosted.exlibrisgroup.com/alma/972TAU_INST/bf/entity/instance/990004778380304146	990004778380304146.xml
https://open-na.hosted.exlibrisgroup.com/alma/972TAU_INST/bf/entity/instance/990004779900304146	990004779900304146.xml
https://open-na.hosted.exlibrisgroup.com/alma/972TAU_INST/bf/entity/instance/990004779980304146	990004779980304146.xml
https://open-na.hosted.exlibrisgroup.com/alma/972TAU_INST/bf/entity/instance/990004781340304146	990004781340304146.xml
https://open-na.hosted.exlibrisgroup.com/alma/972TAU_INST/bf/entity/instance/990004783280304146	990004783280304146.xml
https://open-na.hosted.exlibrisgroup.com/alma/972TAU_INST/bf/entity/instance/990004783630304146	990004783630304146.xml
https://open-na.hosted.exlibrisgroup.com/alma/972TAU_INST/bf/entity/instance/990004784340304146	990004784340304146.xml
https://open-na.hosted.exlibrisgroup.com/alma/972TAU_INST/bf/entity/instance/990004788230304146	990004788230304146.xml
https://open-na.hosted.exlibrisgroup.com/alma/972TAU_INST/bf/entity/instance/990004788270304146	990004788270304146.xml
https://open-na.hosted.exlibrisgroup.com/alma/972TAU_INST/bf/entity/instance/990004789980304146	990004789980304146.xml
https://open-na.hosted.exlibrisgroup.com/alma/972TAU_INST/bf/entity/instance/990004790000304146	990004790000304146.xml
https://open-na.hosted.exlibrisgroup.com/alma/972TAU_INST/bf/entity/instance/990004790020304146	990004790020304146.xml
https://open-na.hosted.exlibrisgroup.com/alma/972TAU_INST/bf/entity/instance/990004790040304146	990004790040304146.xml
https://open-na.hosted.exlibrisgroup.com/alma/972TAU_INST/bf/entity/instance/990004791910304146	990004791910304146.xml
https://open-na.hosted.exlibrisgroup.com/alma/972TAU_INST/bf/entity/instance/990004798060304146	990004798060304146.xml
https://open-na.hosted.exlibrisgroup.com/alma/972TAU_INST/bf/entity/instance/990004800850304146	990004800850304146.xml
https://open-na.hosted.exlibrisgroup.com/alma/972TAU_INST/bf/entity/instance/990004800870304146	990004800870304146.xml
https://open-na.hosted.exlibrisgroup.com/alma/972TAU_INST/bf/entity/instance/990004802310304146	990004802310304146.xml
https://open-na.hosted.exlibrisgroup.com/alma/972TAU_INST/bf/entity/instance/990004802420304146	990004802420304146.xml
https://open-na.hosted.exlibrisgroup.com/alma/972TAU_INST/bf/entity/instance/990004802450304146	990004802450304146.xml
https://open-na.hosted.exlibrisgroup.com/alma/972TAU_INST/bf/entity/instance/990004802480304146	990004802480304146.xml
https://open-na.hosted.exlibrisgroup.com/alma/972TAU_INST/bf/entity/instance/990004803270304146	990004803270304146.xml
https://open-na.hosted.exlibrisgroup.com/alma/972TAU_INST/bf/entity/instance/990004803290304146	990004803290304146.xml
https://open-na.hosted.exlibrisgroup.com/alma/972TAU_INST/bf/entity/instance/990004803310304146	990004803310304146.xml
https://open-na.hosted.exlibrisgroup.com/alma/972TAU_INST/bf/entity/instance/990004803320304146	990004803320304146.xml
https://open-na.hosted.exlibrisgroup.com/alma/972TAU_INST/bf/entity/instance/990004803440304146	990004803440304146.xml
https://open-na.hosted.exlibrisgroup.com/alma/972TAU_INST/bf/entity/instance/990004803480304146	990004803480304146.xml
https://open-na.hosted.exlibrisgroup.com/alma/972TAU_INST/bf/entity/instance/990004803540304146	990004803540304146.xml
https://open-na.hosted.exlibrisgroup.com/alma/972TAU_INST/bf/entity/instance/990004804500304146	990004804500304146.xml
https://open-na.hosted.exlibrisgroup.com/alma/972TAU_INST/bf/entity/instance/990004804530304146	990004804530304146.xml
https://open-na.hosted.exlibrisgroup.com/alma/972TAU_INST/bf/entity/instance/990004804670304146	990004804670304146.xml
https://open-na.hosted.exlibrisgroup.com/alma/972TAU_INST/bf/entity/instance/990004804690304146	990004804690304146.xml
https://open-na.hosted.exlibrisgroup.com/alma/972TAU_INST/bf/entity/instance/990004810560304146	990004810560304146.xml
https://open-na.hosted.exlibrisgroup.com/alma/972TAU_INST/bf/entity/instance/990004810580304146	990004810580304146.xml
https://open-na.hosted.exlibrisgroup.com/alma/972TAU_INST/bf/entity/instance/990004810630304146	990004810630304146.xml
https://open-na.hosted.exlibrisgroup.com/alma/972TAU_INST/bf/entity/instance/990004811880304146	990004811880304146.xml
https://open-na.hosted.exlibrisgroup.com/alma/972TAU_INST/bf/entity/instance/990004811910304146	990004811910304146.xml
https://open-na.hosted.exlibrisgroup.com/alma/972TAU_INST/bf/entity/instance/990004812110304146	990004812110304146.xml
https://open-na.hosted.exlibrisgroup.com/alma/972TAU_INST/bf/entity/instance/990004812120304146	990004812120304146.xml
https://open-na.hosted.exlibrisgroup.com/alma/972TAU_INST/bf/entity/instance/990004812150304146	990004812150304146.xml
https://open-na.hosted.exlibrisgroup.com/alma/972TAU_INST/bf/entity/instance/990004812160304146	990004812160304146.xml
https://open-na.hosted.exlibrisgroup.com/alma/972TAU_INST/bf/entity/instance/990004813500304146	990004813500304146.xml
https://open-na.hosted.exlibrisgroup.com/alma/972TAU_INST/bf/entity/instance/990004813530304146	990004813530304146.xml
https://open-na.hosted.exlibrisgroup.com/alma/972TAU_INST/bf/entity/instance/990004813540304146	990004813540304146.xml
https://open-na.hosted.exlibrisgroup.com/alma/972TAU_INST/bf/entity/instance/990004813550304146	990004813550304146.xml
https://open-na.hosted.exlibrisgroup.com/alma/972TAU_INST/bf/entity/instance/990004815900304146	990004815900304146.xml
https://open-na.hosted.exlibrisgroup.com/alma/972TAU_INST/bf/entity/instance/990004815950304146	990004815950304146.xml
https://open-na.hosted.exlibrisgroup.com/alma/972TAU_INST/bf/entity/instance/990004815990304146	990004815990304146.xml
https://open-na.hosted.exlibrisgroup.com/alma/972TAU_INST/bf/entity/instance/990004816010304146	990004816010304146.xml
https://open-na.hosted.exlibrisgroup.com/alma/972TAU_INST/bf/entity/instance/990004820590304146	990004820590304146.xml
https://open-na.hosted.exlibrisgroup.com/alma/972TAU_INST/bf/entity/instance/990004827580304146	990004827580304146.xml
https://open-na.hosted.exlibrisgroup.com/alma/972TAU_INST/bf/entity/instance/990004827650304146	990004827650304146.xml
https://open-na.hosted.exlibrisgroup.com/alma/972TAU_INST/bf/entity/instance/990004827710304146	990004827710304146.xml
https://open-na.hosted.exlibrisgroup.com/alma/972TAU_INST/bf/entity/instance/990004828000304146	990004828000304146.xml
https://open-na.hosted.exlibrisgroup.com/alma/972TAU_INST/bf/entity/instance/990004828030304146	990004828030304146.xml
https://open-na.hosted.exlibrisgroup.com/alma/972TAU_INST/bf/entity/instance/990004828050304146	990004828050304146.xml
https://open-na.hosted.exlibrisgroup.com/alma/972TAU_INST/bf/entity/instance/990004828060304146	990004828060304146.xml
https://open-na.hosted.exlibrisgroup.com/alma/972TAU_INST/bf/entity/instance/990004828330304146	990004828330304146.xml
https://open-na.hosted.exlibrisgroup.com/alma/972TAU_INST/bf/entity/instance/990004828340304146	990004828340304146.xml
https://open-na.hosted.exlibrisgroup.com/alma/972TAU_INST/bf/entity/instance/990004828350304146	990004828350304146.xml
https://open-na.hosted.exlibrisgroup.com/alma/972TAU_INST/bf/entity/instance/990004828360304146	990004828360304146.xml
https://open-na.hosted.exlibrisgroup.com/alma/972TAU_INST/bf/entity/instance/990004828370304146	990004828370304146.xml
https://open-na.hosted.exlibrisgroup.com/alma/972TAU_INST/bf/entity/instance/990004828380304146	990004828380304146.xml
https://open-na.hosted.exlibrisgroup.com/alma/972TAU_INST/bf/entity/instance/990004828390304146	990004828390304146.xml
https://open-na.hosted.exlibrisgroup.com/alma/972TAU_INST/bf/entity/instance/990004828410304146	990004828410304146.xml
https://open-na.hosted.exlibrisgroup.com/alma/972TAU_INST/bf/entity/instance/990004828430304146	990004828430304146.xml
https://open-na.hosted.exlibrisgroup.com/alma/972TAU_INST/bf/entity/instance/990004828450304146	990004828450304146.xml
https://open-na.hosted.exlibrisgroup.com/alma/972TAU_INST/bf/entity/instance/990004833700304146	990004833700304146.xml
https://open-na.hosted.exlibrisgroup.com/alma/972TAU_INST/bf/entity/instance/990004833820304146	990004833820304146.xml
https://open-na.hosted.exlibrisgroup.com/alma/972TAU_INST/bf/entity/instance/990004833850304146	990004833850304146.xml
https://open-na.hosted.exlibrisgroup.com/alma/972TAU_INST/bf/entity/instance/990004834060304146	990004834060304146.xml
https://open-na.hosted.exlibrisgroup.com/alma/972TAU_INST/bf/entity/instance/990004834150304146	990004834150304146.xml
https://open-na.hosted.exlibrisgroup.com/alma/972TAU_INST/bf/entity/instance/990004835280304146	990004835280304146.xml
https://open-na.hosted.exlibrisgroup.com/alma/972TAU_INST/bf/entity/instance/990004835770304146	990004835770304146.xml
https://open-na.hosted.exlibrisgroup.com/alma/972TAU_INST/bf/entity/instance/990004836130304146	990004836130304146.xml
https://open-na.hosted.exlibrisgroup.com/alma/972TAU_INST/bf/entity/instance/990004836140304146	990004836140304146.xml
https://open-na.hosted.exlibrisgroup.com/alma/972TAU_INST/bf/entity/instance/990004836250304146	990004836250304146.xml
https://open-na.hosted.exlibrisgroup.com/alma/972TAU_INST/bf/entity/instance/990004836260304146	990004836260304146.xml
https://open-na.hosted.exlibrisgroup.com/alma/972TAU_INST/bf/entity/instance/990004836280304146	990004836280304146.xml
https://open-na.hosted.exlibrisgroup.com/alma/972TAU_INST/bf/entity/instance/990004836680304146	990004836680304146.xml
https://open-na.hosted.exlibrisgroup.com/alma/972TAU_INST/bf/entity/instance/990004836750304146	990004836750304146.xml
https://open-na.hosted.exlibrisgroup.com/alma/972TAU_INST/bf/entity/instance/990004836950304146	990004836950304146.xml
https://open-na.hosted.exlibrisgroup.com/alma/972TAU_INST/bf/entity/instance/990004836970304146	990004836970304146.xml
https://open-na.hosted.exlibrisgroup.com/alma/972TAU_INST/bf/entity/instance/990004837060304146	990004837060304146.xml
https://open-na.hosted.exlibrisgroup.com/alma/972TAU_INST/bf/entity/instance/990004837100304146	990004837100304146.xml
https://open-na.hosted.exlibrisgroup.com/alma/972TAU_INST/bf/entity/instance/990004837110304146	990004837110304146.xml
https://open-na.hosted.exlibrisgroup.com/alma/972TAU_INST/bf/entity/instance/990004837250304146	990004837250304146.xml
https://open-na.hosted.exlibrisgroup.com/alma/972TAU_INST/bf/entity/instance/990004837330304146	990004837330304146.xml
https://open-na.hosted.exlibrisgroup.com/alma/972TAU_INST/bf/entity/instance/990004837370304146	990004837370304146.xml
https://open-na.hosted.exlibrisgroup.com/alma/972TAU_INST/bf/entity/instance/990004837440304146	990004837440304146.xml
https://open-na.hosted.exlibrisgroup.com/alma/972TAU_INST/bf/entity/instance/990004837470304146	990004837470304146.xml
https://open-na.hosted.exlibrisgroup.com/alma/972TAU_INST/bf/entity/instance/990004837490304146	990004837490304146.xml
https://open-na.hosted.exlibrisgroup.com/alma/972TAU_INST/bf/entity/instance/990004838670304146	990004838670304146.xml
https://open-na.hosted.exlibrisgroup.com/alma/972TAU_INST/bf/entity/instance/990004838820304146	990004838820304146.xml
https://open-na.hosted.exlibrisgroup.com/alma/972TAU_INST/bf/entity/instance/990004838880304146	990004838880304146.xml
https://open-na.hosted.exlibrisgroup.com/alma/972TAU_INST/bf/entity/instance/990004838910304146	990004838910304146.xml
https://open-na.hosted.exlibrisgroup.com/alma/972TAU_INST/bf/entity/instance/990004838930304146	990004838930304146.xml
https://open-na.hosted.exlibrisgroup.com/alma/972TAU_INST/bf/entity/instance/990004839090304146	990004839090304146.xml
https://open-na.hosted.exlibrisgroup.com/alma/972TAU_INST/bf/entity/instance/990004839140304146	990004839140304146.xml
https://open-na.hosted.exlibrisgroup.com/alma/972TAU_INST/bf/entity/instance/990004839150304146	990004839150304146.xml
https://open-na.hosted.exlibrisgroup.com/alma/972TAU_INST/bf/entity/instance/990004839170304146	990004839170304146.xml
https://open-na.hosted.exlibrisgroup.com/alma/972TAU_INST/bf/entity/instance/990004839180304146	990004839180304146.xml
https://open-na.hosted.exlibrisgroup.com/alma/972TAU_INST/bf/entity/instance/990004839280304146	990004839280304146.xml
https://open-na.hosted.exlibrisgroup.com/alma/972TAU_INST/bf/entity/instance/990004839310304146	990004839310304146.xml
https://open-na.hosted.exlibrisgroup.com/alma/972TAU_INST/bf/entity/instance/990004839410304146	990004839410304146.xml
https://open-na.hosted.exlibrisgroup.com/alma/972TAU_INST/bf/entity/instance/990004839570304146	990004839570304146.xml
https://open-na.hosted.exlibrisgroup.com/alma/972TAU_INST/bf/entity/instance/990004839950304146	990004839950304146.xml
https://open-na.hosted.exlibrisgroup.com/alma/972TAU_INST/bf/entity/instance/990004840050304146	990004840050304146.xml
https://open-na.hosted.exlibrisgroup.com/alma/972TAU_INST/bf/entity/instance/990004840500304146	990004840500304146.xml
https://open-na.hosted.exlibrisgroup.com/alma/972TAU_INST/bf/entity/instance/990004840930304146	990004840930304146.xml
https://open-na.hosted.exlibrisgroup.com/alma/972TAU_INST/bf/entity/instance/990004841000304146	990004841000304146.xml
https://open-na.hosted.exlibrisgroup.com/alma/972TAU_INST/bf/entity/instance/990004841030304146	990004841030304146.xml
https://open-na.hosted.exlibrisgroup.com/alma/972TAU_INST/bf/entity/instance/990004841130304146	990004841130304146.xml
https://open-na.hosted.exlibrisgroup.com/alma/972TAU_INST/bf/entity/instance/990004841140304146	990004841140304146.xml
https://open-na.hosted.exlibrisgroup.com/alma/972TAU_INST/bf/entity/instance/990004841160304146	990004841160304146.xml
https://open-na.hosted.exlibrisgroup.com/alma/972TAU_INST/bf/entity/instance/990004841170304146	990004841170304146.xml
https://open-na.hosted.exlibrisgroup.com/alma/972TAU_INST/bf/entity/instance/990004841580304146	990004841580304146.xml
https://open-na.hosted.exlibrisgroup.com/alma/972TAU_INST/bf/entity/instance/990004841620304146	990004841620304146.xml
https://open-na.hosted.exlibrisgroup.com/alma/972TAU_INST/bf/entity/instance/990004841640304146	990004841640304146.xml
https://open-na.hosted.exlibrisgroup.com/alma/972TAU_INST/bf/entity/instance/990004841720304146	990004841720304146.xml
https://open-na.hosted.exlibrisgroup.com/alma/972TAU_INST/bf/entity/instance/990004841880304146	990004841880304146.xml
https://open-na.hosted.exlibrisgroup.com/alma/972TAU_INST/bf/entity/instance/990004841910304146	990004841910304146.xml
https://open-na.hosted.exlibrisgroup.com/alma/972TAU_INST/bf/entity/instance/990004841940304146	990004841940304146.xml
https://open-na.hosted.exlibrisgroup.com/alma/972TAU_INST/bf/entity/instance/990004842190304146	990004842190304146.xml
https://open-na.hosted.exlibrisgroup.com/alma/972TAU_INST/bf/entity/instance/990004842240304146	990004842240304146.xml
https://open-na.hosted.exlibrisgroup.com/alma/972TAU_INST/bf/entity/instance/990004842290304146	990004842290304146.xml
https://open-na.hosted.exlibrisgroup.com/alma/972TAU_INST/bf/entity/instance/990004842440304146	990004842440304146.xml
https://open-na.hosted.exlibrisgroup.com/alma/972TAU_INST/bf/entity/instance/990004842450304146	990004842450304146.xml
https://open-na.hosted.exlibrisgroup.com/alma/972TAU_INST/bf/entity/instance/990004842500304146	990004842500304146.xml
https://open-na.hosted.exlibrisgroup.com/alma/972TAU_INST/bf/entity/instance/990004842590304146	990004842590304146.xml
https://open-na.hosted.exlibrisgroup.com/alma/972TAU_INST/bf/entity/instance/990004842620304146	990004842620304146.xml
https://open-na.hosted.exlibrisgroup.com/alma/972TAU_INST/bf/entity/instance/990004842670304146	990004842670304146.xml
https://open-na.hosted.exlibrisgroup.com/alma/972TAU_INST/bf/entity/instance/990004842780304146	990004842780304146.xml
https://open-na.hosted.exlibrisgroup.com/alma/972TAU_INST/bf/entity/instance/990004842830304146	990004842830304146.xml
https://open-na.hosted.exlibrisgroup.com/alma/972TAU_INST/bf/entity/instance/990004842880304146	990004842880304146.xml
https://open-na.hosted.exlibrisgroup.com/alma/972TAU_INST/bf/entity/instance/990004842890304146	990004842890304146.xml
https://open-na.hosted.exlibrisgroup.com/alma/972TAU_INST/bf/entity/instance/990004842910304146	990004842910304146.xml
https://open-na.hosted.exlibrisgroup.com/alma/972TAU_INST/bf/entity/instance/990004842920304146	990004842920304146.xml
https://open-na.hosted.exlibrisgroup.com/alma/972TAU_INST/bf/entity/instance/990004842940304146	990004842940304146.xml
https://open-na.hosted.exlibrisgroup.com/alma/972TAU_INST/bf/entity/instance/990004842960304146	990004842960304146.xml
https://open-na.hosted.exlibrisgroup.com/alma/972TAU_INST/bf/entity/instance/990004843160304146	990004843160304146.xml
https://open-na.hosted.exlibrisgroup.com/alma/972TAU_INST/bf/entity/instance/990004843460304146	990004843460304146.xml
https://open-na.hosted.exlibrisgroup.com/alma/972TAU_INST/bf/entity/instance/990004843490304146	990004843490304146.xml
https://open-na.hosted.exlibrisgroup.com/alma/972TAU_INST/bf/entity/instance/990004843550304146	990004843550304146.xml
https://open-na.hosted.exlibrisgroup.com/alma/972TAU_INST/bf/entity/instance/990004844060304146	990004844060304146.xml
https://open-na.hosted.exlibrisgroup.com/alma/972TAU_INST/bf/entity/instance/990004844150304146	990004844150304146.xml
https://open-na.hosted.exlibrisgroup.com/alma/972TAU_INST/bf/entity/instance/990004844550304146	990004844550304146.xml
https://open-na.hosted.exlibrisgroup.com/alma/972TAU_INST/bf/entity/instance/990004844910304146	990004844910304146.xml
https://open-na.hosted.exlibrisgroup.com/alma/972TAU_INST/bf/entity/instance/990004845050304146	990004845050304146.xml
https://open-na.hosted.exlibrisgroup.com/alma/972TAU_INST/bf/entity/instance/990004845320304146	990004845320304146.xml
https://open-na.hosted.exlibrisgroup.com/alma/972TAU_INST/bf/entity/instance/990004845350304146	990004845350304146.xml
https://open-na.hosted.exlibrisgroup.com/alma/972TAU_INST/bf/entity/instance/990004845360304146	990004845360304146.xml
https://open-na.hosted.exlibrisgroup.com/alma/972TAU_INST/bf/entity/instance/990004845370304146	990004845370304146.xml
https://open-na.hosted.exlibrisgroup.com/alma/972TAU_INST/bf/entity/instance/990004845380304146	990004845380304146.xml
https://open-na.hosted.exlibrisgroup.com/alma/972TAU_INST/bf/entity/instance/990004845390304146	990004845390304146.xml
https://open-na.hosted.exlibrisgroup.com/alma/972TAU_INST/bf/entity/instance/990004845790304146	990004845790304146.xml
https://open-na.hosted.exlibrisgroup.com/alma/972TAU_INST/bf/entity/instance/990004845800304146	990004845800304146.xml
https://open-na.hosted.exlibrisgroup.com/alma/972TAU_INST/bf/entity/instance/990004845810304146	990004845810304146.xml
https://open-na.hosted.exlibrisgroup.com/alma/972TAU_INST/bf/entity/instance/990004845820304146	990004845820304146.xml
https://open-na.hosted.exlibrisgroup.com/alma/972TAU_INST/bf/entity/instance/990004845830304146	990004845830304146.xml
https://open-na.hosted.exlibrisgroup.com/alma/972TAU_INST/bf/entity/instance/990004845840304146	990004845840304146.xml
https://open-na.hosted.exlibrisgroup.com/alma/972TAU_INST/bf/entity/instance/990004846780304146	990004846780304146.xml
https://open-na.hosted.exlibrisgroup.com/alma/972TAU_INST/bf/entity/instance/990004846940304146	990004846940304146.xml
https://open-na.hosted.exlibrisgroup.com/alma/972TAU_INST/bf/entity/instance/990004846960304146	990004846960304146.xml
https://open-na.hosted.exlibrisgroup.com/alma/972TAU_INST/bf/entity/instance/990004846970304146	990004846970304146.xml
https://open-na.hosted.exlibrisgroup.com/alma/972TAU_INST/bf/entity/instance/990004847010304146	990004847010304146.xml
https://open-na.hosted.exlibrisgroup.com/alma/972TAU_INST/bf/entity/instance/990004847020304146	990004847020304146.xml
https://open-na.hosted.exlibrisgroup.com/alma/972TAU_INST/bf/entity/instance/990004847040304146	990004847040304146.xml
https://open-na.hosted.exlibrisgroup.com/alma/972TAU_INST/bf/entity/instance/990004847070304146	990004847070304146.xml
https://open-na.hosted.exlibrisgroup.com/alma/972TAU_INST/bf/entity/instance/990004847120304146	990004847120304146.xml
https://open-na.hosted.exlibrisgroup.com/alma/972TAU_INST/bf/entity/instance/990004847150304146	990004847150304146.xml
https://open-na.hosted.exlibrisgroup.com/alma/972TAU_INST/bf/entity/instance/990004847170304146	990004847170304146.xml
https://open-na.hosted.exlibrisgroup.com/alma/972TAU_INST/bf/entity/instance/990004847240304146	990004847240304146.xml
https://open-na.hosted.exlibrisgroup.com/alma/972TAU_INST/bf/entity/instance/990004847250304146	990004847250304146.xml
https://open-na.hosted.exlibrisgroup.com/alma/972TAU_INST/bf/entity/instance/990004847260304146	990004847260304146.xml
https://open-na.hosted.exlibrisgroup.com/alma/972TAU_INST/bf/entity/instance/990004847270304146	990004847270304146.xml
https://open-na.hosted.exlibrisgroup.com/alma/972TAU_INST/bf/entity/instance/990004847290304146	990004847290304146.xml
https://open-na.hosted.exlibrisgroup.com/alma/972TAU_INST/bf/entity/instance/990004847700304146	990004847700304146.xml
https://open-na.hosted.exlibrisgroup.com/alma/972TAU_INST/bf/entity/instance/990004847960304146	990004847960304146.xml
https://open-na.hosted.exlibrisgroup.com/alma/972TAU_INST/bf/entity/instance/990004848150304146	990004848150304146.xml
https://open-na.hosted.exlibrisgroup.com/alma/972TAU_INST/bf/entity/instance/990004848350304146	990004848350304146.xml
https://open-na.hosted.exlibrisgroup.com/alma/972TAU_INST/bf/entity/instance/990004848520304146	990004848520304146.xml
https://open-na.hosted.exlibrisgroup.com/alma/972TAU_INST/bf/entity/instance/990004848720304146	990004848720304146.xml
https://open-na.hosted.exlibrisgroup.com/alma/972TAU_INST/bf/entity/instance/990004848730304146	990004848730304146.xml
https://open-na.hosted.exlibrisgroup.com/alma/972TAU_INST/bf/entity/instance/990004848740304146	990004848740304146.xml
https://open-na.hosted.exlibrisgroup.com/alma/972TAU_INST/bf/entity/instance/990004848750304146	990004848750304146.xml
https://open-na.hosted.exlibrisgroup.com/alma/972TAU_INST/bf/entity/instance/990004848770304146	990004848770304146.xml
https://open-na.hosted.exlibrisgroup.com/alma/972TAU_INST/bf/entity/instance/990004848780304146	990004848780304146.xml
https://open-na.hosted.exlibrisgroup.com/alma/972TAU_INST/bf/entity/instance/990004848790304146	990004848790304146.xml
https://open-na.hosted.exlibrisgroup.com/alma/972TAU_INST/bf/entity/instance/990004848870304146	990004848870304146.xml
https://open-na.hosted.exlibrisgroup.com/alma/972TAU_INST/bf/entity/instance/990004849210304146	990004849210304146.xml
https://open-na.hosted.exlibrisgroup.com/alma/972TAU_INST/bf/entity/instance/990004849570304146	990004849570304146.xml
https://open-na.hosted.exlibrisgroup.com/alma/972TAU_INST/bf/entity/instance/990004849580304146	990004849580304146.xml
https://open-na.hosted.exlibrisgroup.com/alma/972TAU_INST/bf/entity/instance/990004849590304146	990004849590304146.xml
https://open-na.hosted.exlibrisgroup.com/alma/972TAU_INST/bf/entity/instance/990004849800304146	990004849800304146.xml
https://open-na.hosted.exlibrisgroup.com/alma/972TAU_INST/bf/entity/instance/990004849850304146	990004849850304146.xml
https://open-na.hosted.exlibrisgroup.com/alma/972TAU_INST/bf/entity/instance/990004849880304146	990004849880304146.xml
https://open-na.hosted.exlibrisgroup.com/alma/972TAU_INST/bf/entity/instance/990004849990304146	990004849990304146.xml
https://open-na.hosted.exlibrisgroup.com/alma/972TAU_INST/bf/entity/instance/990004850000304146	990004850000304146.xml
https://open-na.hosted.exlibrisgroup.com/alma/972TAU_INST/bf/entity/instance/990004850070304146	990004850070304146.xml
https://open-na.hosted.exlibrisgroup.com/alma/972TAU_INST/bf/entity/instance/990004850140304146	990004850140304146.xml
https://open-na.hosted.exlibrisgroup.com/alma/972TAU_INST/bf/entity/instance/990004850150304146	990004850150304146.xml
https://open-na.hosted.exlibrisgroup.com/alma/972TAU_INST/bf/entity/instance/990004850280304146	990004850280304146.xml
https://open-na.hosted.exlibrisgroup.com/alma/972TAU_INST/bf/entity/instance/990004850350304146	990004850350304146.xml
https://open-na.hosted.exlibrisgroup.com/alma/972TAU_INST/bf/entity/instance/990004850770304146	990004850770304146.xml
https://open-na.hosted.exlibrisgroup.com/alma/972TAU_INST/bf/entity/instance/990004851030304146	990004851030304146.xml
https://open-na.hosted.exlibrisgroup.com/alma/972TAU_INST/bf/entity/instance/990004851040304146	990004851040304146.xml
https://open-na.hosted.exlibrisgroup.com/alma/972TAU_INST/bf/entity/instance/990004851050304146	990004851050304146.xml
https://open-na.hosted.exlibrisgroup.com/alma/972TAU_INST/bf/entity/instance/990004851070304146	990004851070304146.xml
https://open-na.hosted.exlibrisgroup.com/alma/972TAU_INST/bf/entity/instance/990004851090304146	990004851090304146.xml
https://open-na.hosted.exlibrisgroup.com/alma/972TAU_INST/bf/entity/instance/990004851100304146	990004851100304146.xml
https://open-na.hosted.exlibrisgroup.com/alma/972TAU_INST/bf/entity/instance/990004851580304146	990004851580304146.xml
https://open-na.hosted.exlibrisgroup.com/alma/972TAU_INST/bf/entity/instance/990004851600304146	990004851600304146.xml
https://open-na.hosted.exlibrisgroup.com/alma/972TAU_INST/bf/entity/instance/990004851610304146	990004851610304146.xml
https://open-na.hosted.exlibrisgroup.com/alma/972TAU_INST/bf/entity/instance/990004851800304146	990004851800304146.xml
https://open-na.hosted.exlibrisgroup.com/alma/972TAU_INST/bf/entity/instance/990004851810304146	990004851810304146.xml
https://open-na.hosted.exlibrisgroup.com/alma/972TAU_INST/bf/entity/instance/990004851840304146	990004851840304146.xml
https://open-na.hosted.exlibrisgroup.com/alma/972TAU_INST/bf/entity/instance/990004851850304146	990004851850304146.xml
https://open-na.hosted.exlibrisgroup.com/alma/972TAU_INST/bf/entity/instance/990004851860304146	990004851860304146.xml
https://open-na.hosted.exlibrisgroup.com/alma/972TAU_INST/bf/entity/instance/990004852000304146	990004852000304146.xml
https://open-na.hosted.exlibrisgroup.com/alma/972TAU_INST/bf/entity/instance/990004852030304146	990004852030304146.xml
https://open-na.hosted.exlibrisgroup.com/alma/972TAU_INST/bf/entity/instance/990004852040304146	990004852040304146.xml
https://open-na.hosted.exlibrisgroup.com/alma/972TAU_INST/bf/entity/instance/990004852660304146	990004852660304146.xml
https://open-na.hosted.exlibrisgroup.com/alma/972TAU_INST/bf/entity/instance/990004852730304146	990004852730304146.xml
https://open-na.hosted.exlibrisgroup.com/alma/972TAU_INST/bf/entity/instance/990004852760304146	990004852760304146.xml
https://open-na.hosted.exlibrisgroup.com/alma/972TAU_INST/bf/entity/instance/990004852770304146	990004852770304146.xml
https://open-na.hosted.exlibrisgroup.com/alma/972TAU_INST/bf/entity/instance/990004852780304146	990004852780304146.xml
https://open-na.hosted.exlibrisgroup.com/alma/972TAU_INST/bf/entity/instance/990004852850304146	990004852850304146.xml
https://open-na.hosted.exlibrisgroup.com/alma/972TAU_INST/bf/entity/instance/990004852990304146	990004852990304146.xml
https://open-na.hosted.exlibrisgroup.com/alma/972TAU_INST/bf/entity/instance/990004853080304146	990004853080304146.xml
https://open-na.hosted.exlibrisgroup.com/alma/972TAU_INST/bf/entity/instance/990004853200304146	990004853200304146.xml
https://open-na.hosted.exlibrisgroup.com/alma/972TAU_INST/bf/entity/instance/990004853210304146	990004853210304146.xml
https://open-na.hosted.exlibrisgroup.com/alma/972TAU_INST/bf/entity/instance/990004853220304146	990004853220304146.xml
https://open-na.hosted.exlibrisgroup.com/alma/972TAU_INST/bf/entity/instance/990004853310304146	990004853310304146.xml
https://open-na.hosted.exlibrisgroup.com/alma/972TAU_INST/bf/entity/instance/990004853790304146	990004853790304146.xml
https://open-na.hosted.exlibrisgroup.com/alma/972TAU_INST/bf/entity/instance/990004853830304146	990004853830304146.xml
https://open-na.hosted.exlibrisgroup.com/alma/972TAU_INST/bf/entity/instance/990004853910304146	990004853910304146.xml
https://open-na.hosted.exlibrisgroup.com/alma/972TAU_INST/bf/entity/instance/990004853930304146	990004853930304146.xml
https://open-na.hosted.exlibrisgroup.com/alma/972TAU_INST/bf/entity/instance/990004853980304146	990004853980304146.xml
https://open-na.hosted.exlibrisgroup.com/alma/972TAU_INST/bf/entity/instance/990004854040304146	990004854040304146.xml
https://open-na.hosted.exlibrisgroup.com/alma/972TAU_INST/bf/entity/instance/990004854070304146	990004854070304146.xml
https://open-na.hosted.exlibrisgroup.com/alma/972TAU_INST/bf/entity/instance/990004854080304146	990004854080304146.xml
https://open-na.hosted.exlibrisgroup.com/alma/972TAU_INST/bf/entity/instance/990004854090304146	990004854090304146.xml
https://open-na.hosted.exlibrisgroup.com/alma/972TAU_INST/bf/entity/instance/990004854100304146	990004854100304146.xml
https://open-na.hosted.exlibrisgroup.com/alma/972TAU_INST/bf/entity/instance/990004854150304146	990004854150304146.xml
https://open-na.hosted.exlibrisgroup.com/alma/972TAU_INST/bf/entity/instance/990004854190304146	990004854190304146.xml
https://open-na.hosted.exlibrisgroup.com/alma/972TAU_INST/bf/entity/instance/990004854380304146	990004854380304146.xml
